IndexName,Date,P/E,P/B,Div Yield %,Open,High,Low,Close
NIFTY MIDSMALL HEALTHCARE,08-Nov-24,53.92,6.21,0.85,43084.55,43107.2,42510.65,42629.25
NIFTY MIDSMALL HEALTHCARE,07-Nov-24,54.34,6.25,0.85,43684.75,43902.7,42840.9,42929.85
NIFTY MIDSMALL HEALTHCARE,06-Nov-24,55.3,6.34,0.83,43069.6,43622.5,42859.35,43527.95
NIFTY MIDSMALL HEALTHCARE,05-Nov-24,54.37,6.24,0.81,42743.4,42918.4,42220.4,42855.8
NIFTY MIDSMALL HEALTHCARE,04-Nov-24,54.24,6.23,0.81,43122.75,43133.3,42514,42787.65
NIFTY MIDSMALL HEALTHCARE,01-Nov-24,54.24,6.26,0.81,43097.15,43167.35,42872.6,42984.55
NIFTY MIDSMALL HEALTHCARE,31-Oct-24,53.96,6.22,0.82,41962.25,42816.7,41952.2,42759.6
NIFTY MIDSMALL HEALTHCARE,30-Oct-24,53.15,6.12,0.83,41778.1,42179.05,41712.5,42020.45
NIFTY MIDSMALL HEALTHCARE,29-Oct-24,52.99,6.1,0.83,41980.2,42060.5,41361.15,41894.2
NIFTY MIDSMALL HEALTHCARE,28-Oct-24,52.97,6.1,0.83,41195,41965.65,41113.1,41879
NIFTY MIDSMALL HEALTHCARE,25-Oct-24,52.36,6,0.85,41176.75,41519.45,40772.45,41202.05
NIFTY MIDSMALL HEALTHCARE,24-Oct-24,52.37,6,0.85,40941.8,41320.65,40933.4,41195.35
NIFTY MIDSMALL HEALTHCARE,23-Oct-24,51.96,5.95,0.85,40997.8,41465.9,40788.35,40874.9
NIFTY MIDSMALL HEALTHCARE,22-Oct-24,52.39,6,0.85,42151.55,42210,41134.75,41213.8
NIFTY MIDSMALL HEALTHCARE,21-Oct-24,53.56,6.13,0.83,42368.7,42602.15,42036.6,42129.4
NIFTY MIDSMALL HEALTHCARE,18-Oct-24,53.75,6.15,0.82,42071.7,42340.1,41719.05,42280.1
NIFTY MIDSMALL HEALTHCARE,17-Oct-24,53.59,6.14,0.83,42838.35,42930.3,42115.9,42158.25
NIFTY MIDSMALL HEALTHCARE,16-Oct-24,54.41,6.23,0.81,43140.4,43202,42548.95,42803.85
NIFTY MIDSMALL HEALTHCARE,15-Oct-24,54.77,6.27,0.81,42837.3,43113.5,42710.05,43087.25
NIFTY MIDSMALL HEALTHCARE,14-Oct-24,54.28,6.22,0.82,42759.9,42845.95,42460.8,42701.85
NIFTY MIDSMALL HEALTHCARE,11-Oct-24,54.17,6.2,0.82,42374.3,42630.8,42279.15,42614.5
NIFTY MIDSMALL HEALTHCARE,10-Oct-24,53.72,6.15,0.82,42949.3,43029.3,42153.45,42260.7
NIFTY MIDSMALL HEALTHCARE,09-Oct-24,54.42,6.23,0.81,42381.85,42974.95,42329.1,42809.35
NIFTY MIDSMALL HEALTHCARE,08-Oct-24,53.58,6.13,0.83,41043.7,42222.1,40965.75,42146.65
NIFTY MIDSMALL HEALTHCARE,07-Oct-24,52.37,6,0.85,41736.25,41891,40847.55,41192.7
NIFTY MIDSMALL HEALTHCARE,04-Oct-24,52.93,6.06,0.84,41635.2,42128.95,41072.4,41637.5
NIFTY MIDSMALL HEALTHCARE,03-Oct-24,53.11,6.08,0.83,41921.3,42044.95,41544.5,41778.65
NIFTY MIDSMALL HEALTHCARE,01-Oct-24,53.83,6.16,0.82,42286.5,42410.3,42011.55,42341.35
NIFTY MIDSMALL HEALTHCARE,30-Sep-24,53.73,6.15,0.82,42111.35,42519.45,41977.35,42263.7
NIFTY MIDSMALL HEALTHCARE,27-Sep-24,54.04,6.22,0.71,42440.65,42570.05,42300.15,42367.7
NIFTY MIDSMALL HEALTHCARE,26-Sep-24,54.25,6.24,0.7,42710.45,42719.4,42221.6,42530.4
NIFTY MIDSMALL HEALTHCARE,25-Sep-24,54.43,6.26,0.7,42909.65,42923.85,42458.4,42672.7
NIFTY MIDSMALL HEALTHCARE,24-Sep-24,54.62,6.28,0.7,43007.85,43357.45,42727.45,42825.9
NIFTY MIDSMALL HEALTHCARE,23-Sep-24,54.59,6.28,0.7,42867.4,43007.1,42583.5,42795.2
NIFTY MIDSMALL HEALTHCARE,20-Sep-24,54.41,6.4,0.7,42360.05,42755.9,42219.2,42606.1
NIFTY MIDSMALL HEALTHCARE,19-Sep-24,53.94,6.66,0.71,42301.75,42395.5,41718.5,42232.5
NIFTY MIDSMALL HEALTHCARE,18-Sep-24,53.93,6.66,0.7,42858.55,42880.3,41913.35,42227.6
NIFTY MIDSMALL HEALTHCARE,17-Sep-24,54.71,6.76,0.7,43039.65,43039.65,42709.4,42835.35
NIFTY MIDSMALL HEALTHCARE,16-Sep-24,55.19,6.77,0.7,43206.5,43218.25,42802.45,42917.2
NIFTY MIDSMALL HEALTHCARE,13-Sep-24,55.17,6.77,0.7,42907.3,43016.15,42742.95,42900.55
NIFTY MIDSMALL HEALTHCARE,12-Sep-24,54.98,6.74,0.7,42609.75,43000.5,42599.25,42752.7
NIFTY MIDSMALL HEALTHCARE,11-Sep-24,54.46,6.69,0.7,42702.65,42920.9,42268.95,42343.85
NIFTY MIDSMALL HEALTHCARE,10-Sep-24,54.62,6.73,0.7,42305.25,42695.9,42276.75,42469.9
NIFTY MIDSMALL HEALTHCARE,09-Sep-24,54.04,6.81,0.71,42306.55,42308.4,41762.4,42020.6
NIFTY MIDSMALL HEALTHCARE,06-Sep-24,54.39,6.85,0.72,42423.05,42599.8,42140.3,42293.1
NIFTY MIDSMALL HEALTHCARE,05-Sep-24,54.5,6.86,0.71,42063,42736.85,41902.2,42380.75
NIFTY MIDSMALL HEALTHCARE,04-Sep-24,53.92,6.79,0.72,41294.85,41997.7,41206.3,41929.25
NIFTY MIDSMALL HEALTHCARE,03-Sep-24,53.34,6.72,0.73,41504.45,41848.4,41426.3,41477.7
NIFTY MIDSMALL HEALTHCARE,02-Sep-24,53.23,6.7,0.73,41701.6,41874.7,41323.4,41386.95
NIFTY MIDSMALL HEALTHCARE,30-Aug-24,53.31,6.71,0.73,41030.45,41603.7,41021.5,41451.3
NIFTY MIDSMALL HEALTHCARE,29-Aug-24,52.57,6.62,0.74,41038.9,41163.15,40733.05,40879.5
NIFTY MIDSMALL HEALTHCARE,28-Aug-24,52.75,6.64,0.74,40837.65,41074.6,40549.2,41012.6
NIFTY MIDSMALL HEALTHCARE,27-Aug-24,52.34,6.59,0.74,40670.2,40838.75,40532.9,40697.65
NIFTY MIDSMALL HEALTHCARE,26-Aug-24,52.13,6.56,0.75,40545.2,40652.5,40382.85,40534.35
NIFTY MIDSMALL HEALTHCARE,23-Aug-24,51.94,6.54,0.75,40466,40558.65,40332.95,40390.25
NIFTY MIDSMALL HEALTHCARE,22-Aug-24,52.01,6.55,0.72,40415.5,40523,40246.95,40439.55
NIFTY MIDSMALL HEALTHCARE,21-Aug-24,51.78,6.52,0.73,40020.65,40313.05,39856.55,40261.85
NIFTY MIDSMALL HEALTHCARE,20-Aug-24,51.4,6.47,0.74,39995.4,40008.75,39698.9,39964.55
NIFTY MIDSMALL HEALTHCARE,19-Aug-24,51.14,6.44,0.74,39802.55,39902.4,39636.4,39767.2
NIFTY MIDSMALL HEALTHCARE,16-Aug-24,51.01,6.42,0.75,39382.65,39688.8,39220.85,39664.6
NIFTY MIDSMALL HEALTHCARE,14-Aug-24,50.9,6.34,0.73,39414.1,39496.5,39029.4,39165.3
NIFTY MIDSMALL HEALTHCARE,13-Aug-24,51.75,6.37,0.72,39395.6,39632.95,39229.45,39329.95
NIFTY MIDSMALL HEALTHCARE,12-Aug-24,53.03,6.36,0.72,39119.1,39359.8,39006.25,39280.75
NIFTY MIDSMALL HEALTHCARE,09-Aug-24,54.5,6.35,0.74,39172.25,39418.9,39120,39184.35
NIFTY MIDSMALL HEALTHCARE,08-Aug-24,55.54,6.32,0.73,38852.3,39294.95,38659.05,39037.8
NIFTY MIDSMALL HEALTHCARE,07-Aug-24,55.13,6.27,0.74,38443.55,38750.95,38169.35,38688.3
NIFTY MIDSMALL HEALTHCARE,06-Aug-24,54.08,6.15,0.76,38216.5,38556.95,37881.75,37951.2
NIFTY MIDSMALL HEALTHCARE,05-Aug-24,54.23,6.15,0.75,37899.85,38550.85,37899.85,37988.2
NIFTY MIDSMALL HEALTHCARE,02-Aug-24,55.31,6.28,0.76,38465.55,38920.6,38227.75,38756.95
NIFTY MIDSMALL HEALTHCARE,01-Aug-24,55.44,6.27,0.76,38852.15,38901.8,38445.05,38713.8
NIFTY MIDSMALL HEALTHCARE,31-Jul-24,55.79,6.27,0.76,38339.1,38796.65,38316.55,38702.05
NIFTY MIDSMALL HEALTHCARE,30-Jul-24,55.11,6.19,0.77,38222.45,38420.15,38103.45,38227
NIFTY MIDSMALL HEALTHCARE,29-Jul-24,54.89,6.18,0.76,38429.35,38485.05,38042.3,38141.45
NIFTY MIDSMALL HEALTHCARE,26-Jul-24,54.86,6.18,0.77,37801.7,38396.4,37786.9,38168.65
NIFTY MIDSMALL HEALTHCARE,25-Jul-24,54.11,6.1,0.78,37238.9,37785.25,37149.15,37675.75
NIFTY MIDSMALL HEALTHCARE,24-Jul-24,53.84,6.07,0.79,37119.05,37625.05,37033.25,37487.65
NIFTY MIDSMALL HEALTHCARE,23-Jul-24,53.37,6.02,0.78,37121.1,37209.35,36247.2,37139.8
NIFTY MIDSMALL HEALTHCARE,22-Jul-24,53.3,6.01,0.78,36593,37248.15,36446.95,37091.5
NIFTY MIDSMALL HEALTHCARE,19-Jul-24,52.75,5.95,0.83,37275.75,37285.2,36643.4,36707.7
NIFTY MIDSMALL HEALTHCARE,18-Jul-24,53.58,6.04,0.78,37400.65,37400.65,36969.1,37288.65
NIFTY MIDSMALL HEALTHCARE,16-Jul-24,53.76,6.06,0.77,37434.65,37488.6,37273,37411.1
NIFTY MIDSMALL HEALTHCARE,15-Jul-24,53.64,6.09,0.74,36977.35,37417.2,36921.7,37328.35
NIFTY MIDSMALL HEALTHCARE,12-Jul-24,52.84,6.03,0.76,36940.3,36988.2,36670.7,36769.8
NIFTY MIDSMALL HEALTHCARE,11-Jul-24,52.92,6.04,0.75,37045.2,37077.1,36690.7,36826.45
NIFTY MIDSMALL HEALTHCARE,10-Jul-24,53.1,6.06,0.75,37152,37188.75,36444.15,36950.7
NIFTY MIDSMALL HEALTHCARE,09-Jul-24,53.08,6.06,0.75,36816.85,37090.15,36662.3,36939.8
NIFTY MIDSMALL HEALTHCARE,08-Jul-24,52.68,6.02,0.76,36758.15,36900.65,36585.35,36662.15
NIFTY MIDSMALL HEALTHCARE,05-Jul-24,52.65,6.01,0.77,36429.1,36787,36404.45,36639.15
NIFTY MIDSMALL HEALTHCARE,04-Jul-24,52.29,5.97,0.77,36083.2,36488.75,35965.6,36388.95
NIFTY MIDSMALL HEALTHCARE,03-Jul-24,51.65,5.9,0.78,35804.3,36064.3,35696.5,35940.8
NIFTY MIDSMALL HEALTHCARE,02-Jul-24,51.23,5.85,0.79,36071.05,36106.55,35520.15,35654.15
NIFTY MIDSMALL HEALTHCARE,01-Jul-24,51.67,5.9,0.78,35801.8,35995.2,35679.7,35960.1
NIFTY MIDSMALL HEALTHCARE,28-Jun-24,51.25,5.85,0.82,35172.35,35752.35,35170.25,35665.1
NIFTY MIDSMALL HEALTHCARE,27-Jun-24,50.7,5.77,0.72,35279.55,35694.65,35173.15,35280.4
NIFTY MIDSMALL HEALTHCARE,26-Jun-24,50.59,5.75,0.72,35193.3,35312.35,35005.55,35208.25
NIFTY MIDSMALL HEALTHCARE,25-Jun-24,50.67,5.76,0.72,35462.3,35595.25,35160.25,35259.3
NIFTY MIDSMALL HEALTHCARE,24-Jun-24,50.76,5.77,0.72,35577.6,35612.2,35274.45,35325.9
NIFTY MIDSMALL HEALTHCARE,21-Jun-24,51.25,5.83,0.72,35837.3,36080.35,35574.75,35663.3
NIFTY MIDSMALL HEALTHCARE,20-Jun-24,51.3,5.84,0.72,35555.9,35754.9,35351.55,35702.7
NIFTY MIDSMALL HEALTHCARE,19-Jun-24,51.05,5.83,0.72,35929.4,35930.65,35485,35526.75
NIFTY MIDSMALL HEALTHCARE,18-Jun-24,51.43,5.87,0.72,36150.3,36164.3,35687.4,35791.55
NIFTY MIDSMALL HEALTHCARE,14-Jun-24,51.81,5.92,0.71,35725.85,36107.55,35669.75,36052.75
NIFTY MIDSMALL HEALTHCARE,13-Jun-24,51.17,5.84,0.72,35653,35702.25,35459.65,35611.45
NIFTY MIDSMALL HEALTHCARE,12-Jun-24,50.74,5.79,0.73,35105.65,35334.35,34995.1,35309.55
NIFTY MIDSMALL HEALTHCARE,11-Jun-24,50.21,5.73,0.73,35029.2,35110.45,34828.9,34942.2
NIFTY MIDSMALL HEALTHCARE,10-Jun-24,50.23,5.74,0.73,34980.45,35222.05,34862.95,34954.4
NIFTY MIDSMALL HEALTHCARE,07-Jun-24,50.33,5.7,0.73,34380.55,34793.55,34338.95,34762.25
NIFTY MIDSMALL HEALTHCARE,06-Jun-24,49.66,5.63,0.74,34247.1,34352.75,34042.85,34302.7
NIFTY MIDSMALL HEALTHCARE,05-Jun-24,49.27,5.58,0.75,33045,34228.05,32564.05,34030.85
NIFTY MIDSMALL HEALTHCARE,04-Jun-24,47.43,5.38,0.78,33559.05,33588.85,31279.6,32765.6
NIFTY MIDSMALL HEALTHCARE,03-Jun-24,48.27,5.49,0.76,33910,34013.65,33308.55,33449.1
NIFTY MIDSMALL HEALTHCARE,31-May-24,48.13,5.47,0.76,33592.2,33694.1,33144.15,33353.75
NIFTY MIDSMALL HEALTHCARE,30-May-24,48.62,5.51,0.73,34064.9,34133.05,33521.15,33589.35
NIFTY MIDSMALL HEALTHCARE,29-May-24,49.46,5.61,0.72,34227.5,34299.85,33987.35,34172.85
NIFTY MIDSMALL HEALTHCARE,28-May-24,49.87,5.62,0.71,34307,34402.95,33995.55,34244.6
NIFTY MIDSMALL HEALTHCARE,27-May-24,48.4,5.6,0.72,34120.6,34326.1,33961.5,34148.2
NIFTY MIDSMALL HEALTHCARE,24-May-24,48.49,5.59,0.72,34288.9,34321.3,33996.55,34040.4
NIFTY MIDSMALL HEALTHCARE,23-May-24,49.06,5.62,0.71,34685.8,34713.4,34083.2,34262.9
NIFTY MIDSMALL HEALTHCARE,22-May-24,49.4,5.66,0.71,34592.75,34690.75,34280.5,34498.95
NIFTY MIDSMALL HEALTHCARE,21-May-24,49.62,5.66,0.71,34247.75,34532.05,34206.05,34473.95
NIFTY MIDSMALL HEALTHCARE,18-May-24,49.23,5.67,0.71,34470.4,34618.65,34452.7,34540.45
NIFTY MIDSMALL HEALTHCARE,17-May-24,48.85,5.62,0.71,34220.15,34291.65,34100.1,34269.75
NIFTY MIDSMALL HEALTHCARE,16-May-24,48.85,5.6,0.72,33992.95,34171.65,33829.55,34128.4
NIFTY MIDSMALL HEALTHCARE,15-May-24,48.5,5.56,0.72,33938.3,34031.8,33816.7,33878.2
NIFTY MIDSMALL HEALTHCARE,14-May-24,48.35,5.56,0.72,33985.6,34057.2,33677.55,33852.25
NIFTY MIDSMALL HEALTHCARE,13-May-24,48.56,5.56,0.72,33574.05,33953.25,33291.85,33867.9
NIFTY MIDSMALL HEALTHCARE,10-May-24,48.23,5.51,0.73,33169.95,33583.8,32905.05,33553.45
NIFTY MIDSMALL HEALTHCARE,09-May-24,47.6,5.44,0.75,33723.4,33762.8,33067.75,33121.6
NIFTY MIDSMALL HEALTHCARE,08-May-24,48.41,5.53,0.74,33542.85,33729.75,33290.5,33679.6
NIFTY MIDSMALL HEALTHCARE,07-May-24,48.27,5.51,0.74,34378,34399.65,33312.8,33584.5
NIFTY MIDSMALL HEALTHCARE,06-May-24,49.36,5.64,0.72,34199.95,34410.55,33951.45,34341.1
NIFTY MIDSMALL HEALTHCARE,03-May-24,49.13,5.59,0.72,34237.4,34296.8,33932.95,34075.85
NIFTY MIDSMALL HEALTHCARE,02-May-24,48.97,5.57,0.7,34126.95,34166.95,33871.5,33964.85
NIFTY MIDSMALL HEALTHCARE,30-Apr-24,49.14,5.59,0.7,34227.5,34378.15,34047.05,34088.65
NIFTY MIDSMALL HEALTHCARE,29-Apr-24,49.16,5.6,0.7,33746.7,34153.45,33634.55,34102.8
NIFTY MIDSMALL HEALTHCARE,26-Apr-24,48.6,5.55,0.78,33511.55,33910.1,33511.45,33793.4
NIFTY MIDSMALL HEALTHCARE,25-Apr-24,48.18,5.5,0.79,33422.3,33541.05,33344.3,33485.6
NIFTY MIDSMALL HEALTHCARE,24-Apr-24,48.08,5.49,0.79,33113.35,33490.45,33047.7,33414.4
NIFTY MIDSMALL HEALTHCARE,23-Apr-24,47.39,5.41,0.8,33044.75,33055.45,32862.05,32935.8
NIFTY MIDSMALL HEALTHCARE,22-Apr-24,47.43,5.42,0.49,32780.7,33021.05,32767.6,32859.05
NIFTY MIDSMALL HEALTHCARE,19-Apr-24,47.1,5.38,0.49,32744.8,32828.5,32363.7,32630.25
NIFTY MIDSMALL HEALTHCARE,18-Apr-24,47.58,5.43,0.48,33458.25,33481.9,32887.85,32965.9
NIFTY MIDSMALL HEALTHCARE,16-Apr-24,48.04,5.49,0.48,33087.65,33415.75,33005.05,33283.8
NIFTY MIDSMALL HEALTHCARE,15-Apr-24,47.97,5.48,0.48,33349.45,33496.4,33099.8,33234.55
NIFTY MIDSMALL HEALTHCARE,12-Apr-24,48.58,5.55,0.47,33750.85,34125.6,33604.15,33653.1
NIFTY MIDSMALL HEALTHCARE,10-Apr-24,48.78,5.57,0.47,33706.4,33896.85,33612.5,33797.05
NIFTY MIDSMALL HEALTHCARE,09-Apr-24,48.48,5.54,0.47,33724.05,33743.6,33464.9,33586.3
NIFTY MIDSMALL HEALTHCARE,08-Apr-24,48.44,5.53,0.48,33543.7,33693.55,33435.75,33562.05
NIFTY MIDSMALL HEALTHCARE,05-Apr-24,48.12,5.49,0.48,-,-,-,33340.04
NIFTY MIDSMALL HEALTHCARE,04-Apr-24,48.01,5.48,0.48,-,-,-,33259.37
NIFTY MIDSMALL HEALTHCARE,03-Apr-24,48.01,5.48,0.48,-,-,-,33263.73
NIFTY MIDSMALL HEALTHCARE,02-Apr-24,47.89,5.47,0.48,-,-,-,33176.57
NIFTY MIDSMALL HEALTHCARE,01-Apr-24,47.79,5.46,0.48,-,-,-,33108.52
NIFTY MIDSMALL HEALTHCARE,28-Mar-24,47.33,5.4,0.49,-,-,-,32787.78
NIFTY MIDSMALL HEALTHCARE,27-Mar-24,46.52,5.36,0.51,-,-,-,32455.02
NIFTY MIDSMALL HEALTHCARE,26-Mar-24,46.06,5.31,0.52,-,-,-,32131.75
NIFTY MIDSMALL HEALTHCARE,22-Mar-24,45.31,5.22,0.53,-,-,-,31611.69
NIFTY MIDSMALL HEALTHCARE,21-Mar-24,45.12,5.2,0.53,-,-,-,31476.93
NIFTY MIDSMALL HEALTHCARE,20-Mar-24,44.75,5.16,0.53,-,-,-,31219.18
NIFTY MIDSMALL HEALTHCARE,19-Mar-24,44.48,5.13,0.54,-,-,-,31029.88
NIFTY MIDSMALL HEALTHCARE,18-Mar-24,44.94,5.18,0.53,-,-,-,31354.89
NIFTY MIDSMALL HEALTHCARE,15-Mar-24,44.7,5.15,0.53,-,-,-,31187.5
NIFTY MIDSMALL HEALTHCARE,14-Mar-24,45.02,5.19,0.53,-,-,-,31407.95
NIFTY MIDSMALL HEALTHCARE,13-Mar-24,44.36,5.11,0.54,-,-,-,30944.9
NIFTY MIDSMALL HEALTHCARE,12-Mar-24,45.82,5.28,0.52,-,-,-,31969.52
NIFTY MIDSMALL HEALTHCARE,11-Mar-24,46.31,5.34,0.52,-,-,-,32310.97
NIFTY MIDSMALL HEALTHCARE,07-Mar-24,46.29,5.34,0.52,-,-,-,32290.99
NIFTY MIDSMALL HEALTHCARE,06-Mar-24,46.22,5.33,0.51,-,-,-,32244.2
NIFTY MIDSMALL HEALTHCARE,05-Mar-24,46.22,5.33,0.51,-,-,-,32246.59
NIFTY MIDSMALL HEALTHCARE,04-Mar-24,46.54,5.37,0.5,-,-,-,32469.52
NIFTY MIDSMALL HEALTHCARE,02-Mar-24,47.05,5.42,0.5,-,-,-,32822.62
NIFTY MIDSMALL HEALTHCARE,01-Mar-24,46.42,5.35,0.5,-,-,-,32387.06
NIFTY MIDSMALL HEALTHCARE,29-Feb-24,47.04,5.42,0.5,-,-,-,32814.44
NIFTY MIDSMALL HEALTHCARE,28-Feb-24,47.57,5.48,0.49,-,-,-,33187.7
NIFTY MIDSMALL HEALTHCARE,27-Feb-24,47.95,5.53,0.49,-,-,-,33450.42
NIFTY MIDSMALL HEALTHCARE,26-Feb-24,47.79,5.51,0.49,-,-,-,33363.08
NIFTY MIDSMALL HEALTHCARE,23-Feb-24,48.37,5.58,0.48,-,-,-,33770.99
NIFTY MIDSMALL HEALTHCARE,22-Feb-24,48.47,5.59,0.48,-,-,-,33841.89
NIFTY MIDSMALL HEALTHCARE,21-Feb-24,48.44,5.59,0.48,-,-,-,33821.51
NIFTY MIDSMALL HEALTHCARE,20-Feb-24,48.63,5.61,0.49,-,-,-,33953.58
NIFTY MIDSMALL HEALTHCARE,19-Feb-24,48.49,5.59,0.48,-,-,-,33855.93
NIFTY MIDSMALL HEALTHCARE,16-Feb-24,48.73,5.62,0.55,-,-,-,33981.13
NIFTY MIDSMALL HEALTHCARE,15-Feb-24,46.33,5.5,0.51,-,-,-,33306.65
NIFTY MIDSMALL HEALTHCARE,14-Feb-24,46.26,5.49,0.51,-,-,-,33252.65
NIFTY MIDSMALL HEALTHCARE,13-Feb-24,46.43,5.53,0.51,-,-,-,33482.08
NIFTY MIDSMALL HEALTHCARE,12-Feb-24,47.38,5.48,0.5,-,-,-,33166.85
NIFTY MIDSMALL HEALTHCARE,09-Feb-24,49.3,5.51,0.5,-,-,-,33344.39
NIFTY MIDSMALL HEALTHCARE,08-Feb-24,50.83,5.52,0.5,-,-,-,33431.12
NIFTY MIDSMALL HEALTHCARE,07-Feb-24,50.85,5.52,0.47,-,-,-,33391.02
NIFTY MIDSMALL HEALTHCARE,06-Feb-24,50.76,5.51,0.47,-,-,-,33366.6
NIFTY MIDSMALL HEALTHCARE,05-Feb-24,49.82,5.39,0.48,-,-,-,32600.92
NIFTY MIDSMALL HEALTHCARE,02-Feb-24,49.55,5.34,0.49,-,-,-,32309.76
NIFTY MIDSMALL HEALTHCARE,01-Feb-24,50.23,5.35,0.49,-,-,-,32357.68
NIFTY MIDSMALL HEALTHCARE,31-Jan-24,50.27,5.35,0.48,-,-,-,32385.42
NIFTY MIDSMALL HEALTHCARE,30-Jan-24,49.03,5.22,0.5,-,-,-,31586.29
NIFTY MIDSMALL HEALTHCARE,29-Jan-24,49.16,5.23,0.5,-,-,-,31670.49
NIFTY MIDSMALL HEALTHCARE,25-Jan-24,48.29,5.22,0.5,-,-,-,31592.45
NIFTY MIDSMALL HEALTHCARE,24-Jan-24,48.66,5.26,0.49,-,-,-,31835.5
NIFTY MIDSMALL HEALTHCARE,23-Jan-24,48.4,5.23,0.5,-,-,-,31660.58
NIFTY MIDSMALL HEALTHCARE,20-Jan-24,48.35,5.23,0.5,-,-,-,31628.71
NIFTY MIDSMALL HEALTHCARE,19-Jan-24,48.59,5.25,0.49,-,-,-,31789.11
NIFTY MIDSMALL HEALTHCARE,18-Jan-24,48.09,5.2,0.5,-,-,-,31458.75
NIFTY MIDSMALL HEALTHCARE,17-Jan-24,48.19,5.21,0.5,-,-,-,31525.91
NIFTY MIDSMALL HEALTHCARE,16-Jan-24,48.35,5.23,0.5,-,-,-,31630.55
NIFTY MIDSMALL HEALTHCARE,15-Jan-24,48.77,5.27,0.49,-,-,-,31903.7
NIFTY MIDSMALL HEALTHCARE,12-Jan-24,48.48,5.24,0.49,-,-,-,31713.79
NIFTY MIDSMALL HEALTHCARE,11-Jan-24,48.81,5.28,0.49,-,-,-,31929.18
NIFTY MIDSMALL HEALTHCARE,10-Jan-24,48.41,5.23,0.5,-,-,-,31668.3
NIFTY MIDSMALL HEALTHCARE,09-Jan-24,48.24,5.21,0.5,-,-,-,31558.92
NIFTY MIDSMALL HEALTHCARE,08-Jan-24,47.92,5.18,0.5,-,-,-,31349.6
NIFTY MIDSMALL HEALTHCARE,05-Jan-24,48.54,5.25,0.49,-,-,-,31753.35
NIFTY MIDSMALL HEALTHCARE,04-Jan-24,48.57,5.25,0.49,-,-,-,31777.22
NIFTY MIDSMALL HEALTHCARE,03-Jan-24,48.03,5.19,0.5,-,-,-,31422.57
NIFTY MIDSMALL HEALTHCARE,02-Jan-24,47.6,5.15,0.5,-,-,-,31142.12
NIFTY MIDSMALL HEALTHCARE,01-Jan-24,46.95,5.07,0.51,-,-,-,30711.92
NIFTY MIDSMALL HEALTHCARE,29-Dec-23,46.77,5.06,0.51,-,-,-,30598.71
NIFTY MIDSMALL HEALTHCARE,28-Dec-23,46.47,5.01,0.52,-,-,-,30415.38
NIFTY MIDSMALL HEALTHCARE,27-Dec-23,46.08,4.97,0.52,-,-,-,30160
NIFTY MIDSMALL HEALTHCARE,26-Dec-23,45.82,4.94,0.53,-,-,-,29988.14
NIFTY MIDSMALL HEALTHCARE,22-Dec-23,45.32,4.88,0.53,-,-,-,29664.18
NIFTY MIDSMALL HEALTHCARE,21-Dec-23,44.81,4.83,0.54,-,-,-,29329.12
NIFTY MIDSMALL HEALTHCARE,20-Dec-23,44.13,4.76,0.55,-,-,-,28885.37
NIFTY MIDSMALL HEALTHCARE,19-Dec-23,45.15,4.87,0.53,-,-,-,29554.29
NIFTY MIDSMALL HEALTHCARE,18-Dec-23,45.1,4.86,0.53,-,-,-,29521.95
NIFTY MIDSMALL HEALTHCARE,15-Dec-23,44.99,4.85,0.54,-,-,-,29448.7
NIFTY MIDSMALL HEALTHCARE,14-Dec-23,45.12,4.86,0.53,-,-,-,29534.52
NIFTY MIDSMALL HEALTHCARE,13-Dec-23,45.16,4.87,0.53,-,-,-,29559.15
NIFTY MIDSMALL HEALTHCARE,12-Dec-23,44.65,4.81,0.54,-,-,-,29223.91
NIFTY MIDSMALL HEALTHCARE,11-Dec-23,44.64,4.81,0.54,-,-,-,29216.91
NIFTY MIDSMALL HEALTHCARE,08-Dec-23,44.63,4.81,0.54,-,-,-,29213.05
NIFTY MIDSMALL HEALTHCARE,07-Dec-23,45.03,4.85,0.53,-,-,-,29471.47
NIFTY MIDSMALL HEALTHCARE,06-Dec-23,44.65,4.81,0.54,-,-,-,29224.69
NIFTY MIDSMALL HEALTHCARE,05-Dec-23,45.02,4.85,0.53,-,-,-,29469.22
NIFTY MIDSMALL HEALTHCARE,04-Dec-23,45.11,4.86,0.53,-,-,-,29528.05
NIFTY MIDSMALL HEALTHCARE,01-Dec-23,44.89,4.84,0.54,-,-,-,29382.64
NIFTY MIDSMALL HEALTHCARE,30-Nov-23,44.6,4.81,0.54,-,-,-,29194.69
NIFTY MIDSMALL HEALTHCARE,29-Nov-23,43.82,4.72,0.55,-,-,-,28682.97
NIFTY MIDSMALL HEALTHCARE,28-Nov-23,43.49,4.69,0.55,-,-,-,28464.22
NIFTY MIDSMALL HEALTHCARE,24-Nov-23,43.68,4.71,0.55,-,-,-,28592.11
NIFTY MIDSMALL HEALTHCARE,23-Nov-23,43.38,4.68,0.55,-,-,-,28393.16
NIFTY MIDSMALL HEALTHCARE,22-Nov-23,43.64,4.7,0.55,-,-,-,28566.49
NIFTY MIDSMALL HEALTHCARE,21-Nov-23,43.34,4.67,0.56,-,-,-,28364.56
NIFTY MIDSMALL HEALTHCARE,20-Nov-23,43.17,4.65,0.56,-,-,-,28253.27
NIFTY MIDSMALL HEALTHCARE,17-Nov-23,42.88,4.62,0.54,-,-,-,28067.9
NIFTY MIDSMALL HEALTHCARE,16-Nov-23,42.59,4.59,0.54,-,-,-,27875.7
NIFTY MIDSMALL HEALTHCARE,15-Nov-23,43.05,4.54,0.55,-,-,-,27584.67
NIFTY MIDSMALL HEALTHCARE,13-Nov-23,42.53,4.53,0.55,-,-,-,27489.44
NIFTY MIDSMALL HEALTHCARE,12-Nov-23,43.87,4.56,0.55,-,-,-,27671.05
NIFTY MIDSMALL HEALTHCARE,10-Nov-23,43.65,4.53,0.56,-,-,-,27531.92
NIFTY MIDSMALL HEALTHCARE,09-Nov-23,43.42,4.51,0.56,-,-,-,27393.31
NIFTY MIDSMALL HEALTHCARE,08-Nov-23,43.9,4.49,0.57,-,-,-,27259.31
NIFTY MIDSMALL HEALTHCARE,07-Nov-23,42.53,4.44,0.57,-,-,-,26941.22
NIFTY MIDSMALL HEALTHCARE,06-Nov-23,42.04,4.38,0.58,-,-,-,26606.48
NIFTY MIDSMALL HEALTHCARE,03-Nov-23,41.54,4.32,0.59,-,-,-,26234.26
NIFTY MIDSMALL HEALTHCARE,02-Nov-23,41.35,4.3,0.6,-,-,-,26114.29
NIFTY MIDSMALL HEALTHCARE,01-Nov-23,41.13,4.26,0.6,-,-,-,25896.9
NIFTY MIDSMALL HEALTHCARE,31-Oct-23,41.11,4.26,0.6,-,-,-,25881.95
NIFTY MIDSMALL HEALTHCARE,30-Oct-23,40.98,4.27,0.6,-,-,-,25906.28
NIFTY MIDSMALL HEALTHCARE,27-Oct-23,40.74,4.24,0.6,-,-,-,25759.12
NIFTY MIDSMALL HEALTHCARE,26-Oct-23,40.28,4.19,0.61,-,-,-,25467.97
NIFTY MIDSMALL HEALTHCARE,25-Oct-23,40.72,4.24,0.6,-,-,-,25745.39
NIFTY MIDSMALL HEALTHCARE,23-Oct-23,40.31,4.27,0.6,-,-,-,25938.63
NIFTY MIDSMALL HEALTHCARE,20-Oct-23,41.06,4.35,0.59,-,-,-,26424.29
NIFTY MIDSMALL HEALTHCARE,19-Oct-23,41.31,4.38,0.58,-,-,-,26586.67
NIFTY MIDSMALL HEALTHCARE,18-Oct-23,41.54,4.4,0.58,-,-,-,26709.48
NIFTY MIDSMALL HEALTHCARE,17-Oct-23,41.79,4.43,0.58,-,-,-,26873.65
NIFTY MIDSMALL HEALTHCARE,16-Oct-23,41.74,4.42,0.58,-,-,-,26842.65
NIFTY MIDSMALL HEALTHCARE,13-Oct-23,41.94,4.44,0.58,-,-,-,26971.84
NIFTY MIDSMALL HEALTHCARE,12-Oct-23,41.84,4.43,0.58,-,-,-,26902.61
NIFTY MIDSMALL HEALTHCARE,11-Oct-23,41.48,4.39,0.58,-,-,-,26675.45
NIFTY MIDSMALL HEALTHCARE,10-Oct-23,41.36,4.38,0.58,-,-,-,26598.14
NIFTY MIDSMALL HEALTHCARE,09-Oct-23,41.34,4.38,0.58,-,-,-,26586.49
NIFTY MIDSMALL HEALTHCARE,06-Oct-23,41.47,4.39,0.58,-,-,-,26669.32
NIFTY MIDSMALL HEALTHCARE,05-Oct-23,41.25,4.37,0.59,-,-,-,26523.31
NIFTY MIDSMALL HEALTHCARE,04-Oct-23,41.43,4.39,0.58,-,-,-,26644.25
NIFTY MIDSMALL HEALTHCARE,03-Oct-23,42.23,4.47,0.57,-,-,-,27158.46
NIFTY MIDSMALL HEALTHCARE,29-Sep-23,41.92,4.44,0.58,-,-,-,26954.94
NIFTY MIDSMALL HEALTHCARE,28-Sep-23,39.79,4.24,0.64,-,-,-,26363.6
NIFTY MIDSMALL HEALTHCARE,27-Sep-23,39.92,4.25,0.63,-,-,-,26454.43
NIFTY MIDSMALL HEALTHCARE,26-Sep-23,39.39,4.28,0.64,-,-,-,26102.94
NIFTY MIDSMALL HEALTHCARE,25-Sep-23,39.44,4.28,0.64,-,-,-,26132.81
NIFTY MIDSMALL HEALTHCARE,22-Sep-23,39.27,4.27,0.64,-,-,-,26021.54
NIFTY MIDSMALL HEALTHCARE,21-Sep-23,39.86,4.33,0.63,-,-,-,26415.79
NIFTY MIDSMALL HEALTHCARE,20-Sep-23,40.3,4.38,0.62,-,-,-,26703.26
NIFTY MIDSMALL HEALTHCARE,18-Sep-23,40.55,4.41,0.63,-,-,-,26870.6
NIFTY MIDSMALL HEALTHCARE,15-Sep-23,40.86,4.44,0.62,-,-,-,27077.43
NIFTY MIDSMALL HEALTHCARE,14-Sep-23,40.83,4.44,0.62,-,-,-,27056.11
NIFTY MIDSMALL HEALTHCARE,13-Sep-23,40.55,4.41,0.63,-,-,-,26872.08
NIFTY MIDSMALL HEALTHCARE,12-Sep-23,40.27,4.38,0.63,-,-,-,26683.9
NIFTY MIDSMALL HEALTHCARE,11-Sep-23,40.58,4.41,0.64,-,-,-,26891.68
NIFTY MIDSMALL HEALTHCARE,08-Sep-23,40.35,4.38,0.66,-,-,-,26735.75
NIFTY MIDSMALL HEALTHCARE,07-Sep-23,40.45,4.4,0.63,-,-,-,26806.36
NIFTY MIDSMALL HEALTHCARE,06-Sep-23,40.29,4.38,0.64,-,-,-,26696.01
NIFTY MIDSMALL HEALTHCARE,05-Sep-23,40.09,4.36,0.64,-,-,-,26562.19
NIFTY MIDSMALL HEALTHCARE,04-Sep-23,39.42,4.28,0.65,-,-,-,26122.52
NIFTY MIDSMALL HEALTHCARE,01-Sep-23,39.35,4.27,0.65,-,-,-,26071.73
NIFTY MIDSMALL HEALTHCARE,31-Aug-23,39.67,4.35,0.65,-,-,-,26289.92
NIFTY MIDSMALL HEALTHCARE,30-Aug-23,39.45,4.32,0.65,-,-,-,26137.85
NIFTY MIDSMALL HEALTHCARE,29-Aug-23,39.26,4.3,0.65,-,-,-,26014.87
NIFTY MIDSMALL HEALTHCARE,28-Aug-23,39.32,4.31,0.65,-,-,-,26052.59
NIFTY MIDSMALL HEALTHCARE,25-Aug-23,39.03,4.27,0.66,-,-,-,25810.98
NIFTY MIDSMALL HEALTHCARE,24-Aug-23,39.3,4.3,0.65,-,-,-,25988.79
NIFTY MIDSMALL HEALTHCARE,23-Aug-23,39.62,4.39,0.65,-,-,-,26201.04
NIFTY MIDSMALL HEALTHCARE,22-Aug-23,39.53,4.38,0.65,-,-,-,26142.52
NIFTY MIDSMALL HEALTHCARE,21-Aug-23,39.33,4.49,0.63,-,-,-,26046.83
NIFTY MIDSMALL HEALTHCARE,18-Aug-23,38.88,4.44,0.65,-,-,-,25750.28
NIFTY MIDSMALL HEALTHCARE,17-Aug-23,39.11,4.47,0.66,-,-,-,25905.69
NIFTY MIDSMALL HEALTHCARE,16-Aug-23,39.22,4.48,0.67,-,-,-,25973.9
NIFTY MIDSMALL HEALTHCARE,14-Aug-23,40.03,4.44,0.68,-,-,-,25735.18
NIFTY MIDSMALL HEALTHCARE,11-Aug-23,40.34,4.47,0.68,-,-,-,25930.11
NIFTY MIDSMALL HEALTHCARE,10-Aug-23,41.14,4.54,0.65,-,-,-,26360.87
NIFTY MIDSMALL HEALTHCARE,09-Aug-23,41.86,4.59,0.62,-,-,-,26616.72
NIFTY MIDSMALL HEALTHCARE,08-Aug-23,41.59,4.56,0.62,-,-,-,26444.04
NIFTY MIDSMALL HEALTHCARE,07-Aug-23,43.4,4.55,0.63,-,-,-,26423.98
NIFTY MIDSMALL HEALTHCARE,04-Aug-23,42.51,4.46,0.7,-,-,-,25884.6
NIFTY MIDSMALL HEALTHCARE,03-Aug-23,42.45,4.44,0.67,-,-,-,25775.32
NIFTY MIDSMALL HEALTHCARE,02-Aug-23,42.02,4.4,0.67,-,-,-,25513.3
NIFTY MIDSMALL HEALTHCARE,01-Aug-23,42.22,4.42,0.71,-,-,-,25669.2
NIFTY MIDSMALL HEALTHCARE,31-Jul-23,42.3,4.43,0.71,-,-,-,25719.73
NIFTY MIDSMALL HEALTHCARE,28-Jul-23,41.54,4.43,0.71,-,-,-,25721.84
NIFTY MIDSMALL HEALTHCARE,27-Jul-23,41.52,4.42,0.67,-,-,-,25696.62
NIFTY MIDSMALL HEALTHCARE,26-Jul-23,40.63,4.33,0.68,-,-,-,25147.01
NIFTY MIDSMALL HEALTHCARE,25-Jul-23,40.68,4.33,0.68,-,-,-,25176.86
NIFTY MIDSMALL HEALTHCARE,24-Jul-23,40.4,4.32,0.69,-,-,-,25003.33
NIFTY MIDSMALL HEALTHCARE,21-Jul-23,40.24,4.3,0.69,-,-,-,24905.66
NIFTY MIDSMALL HEALTHCARE,20-Jul-23,40.27,4.32,0.64,-,-,-,24984.16
NIFTY MIDSMALL HEALTHCARE,19-Jul-23,39.94,4.28,0.62,-,-,-,24781.98
NIFTY MIDSMALL HEALTHCARE,18-Jul-23,39.86,4.27,0.63,-,-,-,24730.98
NIFTY MIDSMALL HEALTHCARE,17-Jul-23,39.85,4.27,0.63,-,-,-,24728.17
NIFTY MIDSMALL HEALTHCARE,14-Jul-23,39.49,4.23,0.63,-,-,-,24500.24
NIFTY MIDSMALL HEALTHCARE,13-Jul-23,39.3,4.21,0.64,-,-,-,24382.44
NIFTY MIDSMALL HEALTHCARE,12-Jul-23,39.51,4.24,0.63,-,-,-,24515.6
NIFTY MIDSMALL HEALTHCARE,11-Jul-23,39.34,4.22,0.64,-,-,-,24407.81
NIFTY MIDSMALL HEALTHCARE,10-Jul-23,38.98,4.18,0.64,-,-,-,24183.61
NIFTY MIDSMALL HEALTHCARE,07-Jul-23,39.06,4.19,0.64,-,-,-,24234.32
NIFTY MIDSMALL HEALTHCARE,06-Jul-23,39.26,4.21,0.73,-,-,-,24361.4
NIFTY MIDSMALL HEALTHCARE,05-Jul-23,38.72,4.15,0.74,-,-,-,24025.09
NIFTY MIDSMALL HEALTHCARE,04-Jul-23,38.45,4.12,0.74,-,-,-,23857.03
NIFTY MIDSMALL HEALTHCARE,03-Jul-23,38.66,4.14,0.74,-,-,-,23985.09
NIFTY MIDSMALL HEALTHCARE,30-Jun-23,38.86,4.17,0.74,-,-,-,24110.24
NIFTY MIDSMALL HEALTHCARE,28-Jun-23,38.44,4.12,0.71,-,-,-,23946.55
NIFTY MIDSMALL HEALTHCARE,27-Jun-23,38.19,4.09,0.71,-,-,-,23795.46
NIFTY MIDSMALL HEALTHCARE,26-Jun-23,37.91,4.06,0.72,-,-,-,23618.79
NIFTY MIDSMALL HEALTHCARE,23-Jun-23,37.23,3.99,0.73,-,-,-,23193.84
NIFTY MIDSMALL HEALTHCARE,22-Jun-23,37.33,4,0.73,-,-,-,23259.85
NIFTY MIDSMALL HEALTHCARE,21-Jun-23,37.66,4.03,0.73,-,-,-,23462.53
NIFTY MIDSMALL HEALTHCARE,20-Jun-23,37.5,4.02,0.73,-,-,-,23361.31
NIFTY MIDSMALL HEALTHCARE,19-Jun-23,37.55,4.02,0.73,-,-,-,23393.38
NIFTY MIDSMALL HEALTHCARE,16-Jun-23,37.43,4.01,0.74,-,-,-,23317.22
NIFTY MIDSMALL HEALTHCARE,15-Jun-23,37.15,3.98,0.74,-,-,-,23143.6
NIFTY MIDSMALL HEALTHCARE,14-Jun-23,36.59,3.92,0.75,-,-,-,22797.33
NIFTY MIDSMALL HEALTHCARE,13-Jun-23,36.44,3.9,0.76,-,-,-,22701.13
NIFTY MIDSMALL HEALTHCARE,12-Jun-23,35.95,3.85,0.77,-,-,-,22397.17
NIFTY MIDSMALL HEALTHCARE,09-Jun-23,35.98,3.85,0.77,-,-,-,22414.35
NIFTY MIDSMALL HEALTHCARE,08-Jun-23,35.96,3.85,0.77,-,-,-,22405.84
NIFTY MIDSMALL HEALTHCARE,07-Jun-23,36.11,3.85,0.76,-,-,-,22497.37
NIFTY MIDSMALL HEALTHCARE,06-Jun-23,35.56,3.79,0.77,-,-,-,22157.67
NIFTY MIDSMALL HEALTHCARE,05-Jun-23,35.31,3.76,0.83,-,-,-,21996.82
NIFTY MIDSMALL HEALTHCARE,02-Jun-23,35.34,3.77,0.83,-,-,-,22015.21
NIFTY MIDSMALL HEALTHCARE,01-Jun-23,35.22,3.75,0.83,-,-,-,21944.16
NIFTY MIDSMALL HEALTHCARE,31-May-23,35.16,3.75,0.83,-,-,-,21908.92
NIFTY MIDSMALL HEALTHCARE,30-May-23,34.99,3.73,0.83,-,-,-,21798.84
NIFTY MIDSMALL HEALTHCARE,29-May-23,34.97,3.72,0.84,-,-,-,21752.31
NIFTY MIDSMALL HEALTHCARE,26-May-23,34.98,3.71,0.84,-,-,-,21718.38
NIFTY MIDSMALL HEALTHCARE,25-May-23,35.25,3.7,0.84,-,-,-,21623.34
NIFTY MIDSMALL HEALTHCARE,24-May-23,35.52,3.7,0.84,-,-,-,21655.8
NIFTY MIDSMALL HEALTHCARE,23-May-23,35.34,3.69,0.84,-,-,-,21547.55
NIFTY MIDSMALL HEALTHCARE,22-May-23,34.15,3.67,0.85,-,-,-,21453.09
NIFTY MIDSMALL HEALTHCARE,19-May-23,33.57,3.65,0.85,-,-,-,21367.67
NIFTY MIDSMALL HEALTHCARE,18-May-23,34.01,3.68,0.84,-,-,-,21523.93
NIFTY MIDSMALL HEALTHCARE,17-May-23,34.55,3.69,0.84,-,-,-,21598.04
NIFTY MIDSMALL HEALTHCARE,16-May-23,34.53,3.69,0.84,-,-,-,21582.05
NIFTY MIDSMALL HEALTHCARE,15-May-23,34.63,3.7,0.84,-,-,-,21649.81
NIFTY MIDSMALL HEALTHCARE,12-May-23,34.27,3.67,0.86,-,-,-,21428.4
NIFTY MIDSMALL HEALTHCARE,11-May-23,35.89,3.65,0.86,-,-,-,21359.77
NIFTY MIDSMALL HEALTHCARE,10-May-23,36,3.66,0.86,-,-,-,21393.27
NIFTY MIDSMALL HEALTHCARE,09-May-23,35.93,3.65,0.86,-,-,-,21351.23
NIFTY MIDSMALL HEALTHCARE,08-May-23,35.96,3.64,0.86,-,-,-,21299.54
NIFTY MIDSMALL HEALTHCARE,05-May-23,35.55,3.6,0.87,-,-,-,21059.71
NIFTY MIDSMALL HEALTHCARE,04-May-23,35.59,3.61,0.87,-,-,-,21080.34
NIFTY MIDSMALL HEALTHCARE,03-May-23,35.49,3.6,0.87,-,-,-,21021.51
NIFTY MIDSMALL HEALTHCARE,02-May-23,35.43,3.59,0.87,-,-,-,20985.43
NIFTY MIDSMALL HEALTHCARE,28-Apr-23,34.87,3.57,0.88,-,-,-,20882.8
NIFTY MIDSMALL HEALTHCARE,27-Apr-23,34.44,3.53,0.76,-,-,-,20599.93
NIFTY MIDSMALL HEALTHCARE,26-Apr-23,34.29,3.51,0.76,-,-,-,20509.38
NIFTY MIDSMALL HEALTHCARE,25-Apr-23,34.33,3.52,0.76,-,-,-,20531.15
NIFTY MIDSMALL HEALTHCARE,24-Apr-23,34.5,3.53,0.76,-,-,-,20630.82
NIFTY MIDSMALL HEALTHCARE,21-Apr-23,34.59,3.54,0.76,-,-,-,20686.44
NIFTY MIDSMALL HEALTHCARE,20-Apr-23,34.61,3.55,0.75,-,-,-,20698.37
NIFTY MIDSMALL HEALTHCARE,19-Apr-23,34.83,3.57,0.75,-,-,-,20827.68
NIFTY MIDSMALL HEALTHCARE,18-Apr-23,34.52,3.54,0.76,-,-,-,20643.22
NIFTY MIDSMALL HEALTHCARE,17-Apr-23,34.15,3.5,0.76,-,-,-,20426.11
NIFTY MIDSMALL HEALTHCARE,13-Apr-23,34.34,3.52,0.76,-,-,-,20538.32
NIFTY MIDSMALL HEALTHCARE,12-Apr-23,34.54,3.54,0.76,-,-,-,20656.23
NIFTY MIDSMALL HEALTHCARE,11-Apr-23,33.76,3.46,0.95,-,-,-,20188
NIFTY MIDSMALL HEALTHCARE,10-Apr-23,33.67,3.45,0.95,-,-,-,20136.59
NIFTY MIDSMALL HEALTHCARE,06-Apr-23,33.47,3.43,0.95,-,-,-,20019.13
NIFTY MIDSMALL HEALTHCARE,05-Apr-23,33.19,3.4,0.96,-,-,-,19848.3
NIFTY MIDSMALL HEALTHCARE,03-Apr-23,33.22,3.4,0.96,-,-,-,19866.18
NIFTY MIDSMALL HEALTHCARE,31-Mar-23,33.08,3.39,0.97,-,-,-,19781.16
NIFTY MIDSMALL HEALTHCARE,29-Mar-23,32.29,3.52,1.07,-,-,-,19604.19
NIFTY MIDSMALL HEALTHCARE,28-Mar-23,32.14,3.51,1.08,-,-,-,19516.37
NIFTY MIDSMALL HEALTHCARE,27-Mar-23,32.33,3.53,1.07,-,-,-,19628.46
NIFTY MIDSMALL HEALTHCARE,24-Mar-23,32.06,3.5,1.08,-,-,-,19470.17
NIFTY MIDSMALL HEALTHCARE,23-Mar-23,32.28,3.52,1.07,-,-,-,19599.6
NIFTY MIDSMALL HEALTHCARE,22-Mar-23,32.38,3.53,1.07,-,-,-,19661.35
NIFTY MIDSMALL HEALTHCARE,21-Mar-23,32.14,3.51,1.08,-,-,-,19515.34
NIFTY MIDSMALL HEALTHCARE,20-Mar-23,32.25,3.52,1.07,-,-,-,19582.28
NIFTY MIDSMALL HEALTHCARE,17-Mar-23,32.28,3.52,1.07,-,-,-,19599.5
NIFTY MIDSMALL HEALTHCARE,16-Mar-23,32.3,3.52,1.07,-,-,-,19611.34
NIFTY MIDSMALL HEALTHCARE,15-Mar-23,32.18,3.51,1.08,-,-,-,19542.14
NIFTY MIDSMALL HEALTHCARE,14-Mar-23,32.12,3.51,1.08,-,-,-,19505.07
NIFTY MIDSMALL HEALTHCARE,13-Mar-23,32.12,3.51,1.08,-,-,-,19506.73
NIFTY MIDSMALL HEALTHCARE,10-Mar-23,32.36,3.53,1.07,-,-,-,19647.34
NIFTY MIDSMALL HEALTHCARE,09-Mar-23,32.4,3.54,1.07,-,-,-,19675.24
NIFTY MIDSMALL HEALTHCARE,08-Mar-23,32.32,3.53,1.07,-,-,-,19625.76
NIFTY MIDSMALL HEALTHCARE,06-Mar-23,32.39,3.53,1.07,-,-,-,19668.15
NIFTY MIDSMALL HEALTHCARE,03-Mar-23,32.09,3.5,1.08,-,-,-,19484.93
NIFTY MIDSMALL HEALTHCARE,02-Mar-23,32.07,3.5,1.08,-,-,-,19470.65
NIFTY MIDSMALL HEALTHCARE,01-Mar-23,32.18,3.51,1.08,-,-,-,19539.7
NIFTY MIDSMALL HEALTHCARE,28-Feb-23,31.98,3.49,1.08,-,-,-,19417.29
NIFTY MIDSMALL HEALTHCARE,27-Feb-23,32.03,3.5,1.08,-,-,-,19447.31
NIFTY MIDSMALL HEALTHCARE,24-Feb-23,32.25,3.51,1.08,-,-,-,19539.67
NIFTY MIDSMALL HEALTHCARE,23-Feb-23,32.24,3.51,1.08,-,-,-,19534.22
NIFTY MIDSMALL HEALTHCARE,22-Feb-23,32.26,3.51,1.09,-,-,-,19547.27
NIFTY MIDSMALL HEALTHCARE,21-Feb-23,32.39,3.53,1.08,-,-,-,19621.57
NIFTY MIDSMALL HEALTHCARE,20-Feb-23,32.34,3.52,1.09,-,-,-,19592.92
NIFTY MIDSMALL HEALTHCARE,17-Feb-23,32.33,3.52,1.11,-,-,-,19589.36
NIFTY MIDSMALL HEALTHCARE,16-Feb-23,32.59,3.55,0.97,-,-,-,19752.78
NIFTY MIDSMALL HEALTHCARE,15-Feb-23,32.1,3.52,0.98,-,-,-,19582.05
NIFTY MIDSMALL HEALTHCARE,14-Feb-23,31.99,3.51,0.99,-,-,-,19525.29
NIFTY MIDSMALL HEALTHCARE,13-Feb-23,31.32,3.53,0.99,-,-,-,19644.11
NIFTY MIDSMALL HEALTHCARE,10-Feb-23,31.53,3.58,0.96,-,-,-,19939.13
NIFTY MIDSMALL HEALTHCARE,09-Feb-23,31.56,3.57,1.02,-,-,-,19884.68
NIFTY MIDSMALL HEALTHCARE,08-Feb-23,31.66,3.58,1.02,-,-,-,19932.03
NIFTY MIDSMALL HEALTHCARE,07-Feb-23,31.21,3.53,1.03,-,-,-,19660.29
NIFTY MIDSMALL HEALTHCARE,06-Feb-23,31.17,3.53,1.03,-,-,-,19641.93
NIFTY MIDSMALL HEALTHCARE,03-Feb-23,30.9,3.49,1.05,-,-,-,19413.57
NIFTY MIDSMALL HEALTHCARE,02-Feb-23,30.99,3.51,1.04,-,-,-,19546.57
NIFTY MIDSMALL HEALTHCARE,01-Feb-23,30.96,3.51,1.04,-,-,-,19527.09
NIFTY MIDSMALL HEALTHCARE,31-Jan-23,31.07,3.52,1.04,-,-,-,19597.2
NIFTY MIDSMALL HEALTHCARE,30-Jan-23,31.13,3.51,1.04,-,-,-,19543.94
NIFTY MIDSMALL HEALTHCARE,27-Jan-23,31.38,3.54,1.03,-,-,-,19683.62
NIFTY MIDSMALL HEALTHCARE,25-Jan-23,31.32,3.53,1.03,-,-,-,19646.91
NIFTY MIDSMALL HEALTHCARE,24-Jan-23,31.67,3.56,1.02,-,-,-,19833.16
NIFTY MIDSMALL HEALTHCARE,23-Jan-23,32.07,3.61,1.01,-,-,-,20077.3
NIFTY MIDSMALL HEALTHCARE,20-Jan-23,31.9,3.59,1.02,-,-,-,19971.76
NIFTY MIDSMALL HEALTHCARE,19-Jan-23,32.16,3.62,1.01,-,-,-,20134.91
NIFTY MIDSMALL HEALTHCARE,18-Jan-23,32.31,3.64,1,-,-,-,20227.35
NIFTY MIDSMALL HEALTHCARE,17-Jan-23,32.11,3.61,1.01,-,-,-,20103.45
NIFTY MIDSMALL HEALTHCARE,16-Jan-23,32.23,3.63,1.01,-,-,-,20174.37
NIFTY MIDSMALL HEALTHCARE,13-Jan-23,32.33,3.64,1,-,-,-,20238.63
NIFTY MIDSMALL HEALTHCARE,12-Jan-23,32.43,3.65,1,-,-,-,20301.72
NIFTY MIDSMALL HEALTHCARE,11-Jan-23,32.36,3.64,1,-,-,-,20260.21
NIFTY MIDSMALL HEALTHCARE,10-Jan-23,32.63,3.67,0.99,-,-,-,20425.85
NIFTY MIDSMALL HEALTHCARE,09-Jan-23,32.48,3.65,1,-,-,-,20333.26
NIFTY MIDSMALL HEALTHCARE,06-Jan-23,32.09,3.61,1.01,-,-,-,20088.33
NIFTY MIDSMALL HEALTHCARE,05-Jan-23,32.35,3.64,1,-,-,-,20254.11
NIFTY MIDSMALL HEALTHCARE,04-Jan-23,32.22,3.63,1.01,-,-,-,20171.5
NIFTY MIDSMALL HEALTHCARE,03-Jan-23,32.34,3.64,1,-,-,-,20243.81
NIFTY MIDSMALL HEALTHCARE,02-Jan-23,32.13,3.61,1.01,-,-,-,20112.55
NIFTY MIDSMALL HEALTHCARE,30-Dec-22,32.18,3.62,1.01,-,-,-,20145.54
NIFTY MIDSMALL HEALTHCARE,29-Dec-22,31.74,3.54,1.06,-,-,-,20246.05
NIFTY MIDSMALL HEALTHCARE,28-Dec-22,31.57,3.52,1.07,-,-,-,20141.62
NIFTY MIDSMALL HEALTHCARE,27-Dec-22,31.64,3.53,1.07,-,-,-,20181.26
NIFTY MIDSMALL HEALTHCARE,26-Dec-22,31.68,3.53,1.06,-,-,-,20210.8
NIFTY MIDSMALL HEALTHCARE,23-Dec-22,31.7,3.53,1.06,-,-,-,20224.61
NIFTY MIDSMALL HEALTHCARE,22-Dec-22,32.19,3.59,1.05,-,-,-,20531.67
NIFTY MIDSMALL HEALTHCARE,21-Dec-22,32.26,3.59,1.04,-,-,-,20575.98
NIFTY MIDSMALL HEALTHCARE,20-Dec-22,31.52,3.51,1.07,-,-,-,20103.79
NIFTY MIDSMALL HEALTHCARE,19-Dec-22,31.44,3.5,1.07,-,-,-,20054.25
NIFTY MIDSMALL HEALTHCARE,16-Dec-22,31.57,3.52,1.07,-,-,-,20140.72
NIFTY MIDSMALL HEALTHCARE,15-Dec-22,31.93,3.56,1.06,-,-,-,20369.15
NIFTY MIDSMALL HEALTHCARE,14-Dec-22,32.1,3.58,1.05,-,-,-,20478.48
NIFTY MIDSMALL HEALTHCARE,13-Dec-22,31.95,3.56,1.05,-,-,-,20381.03
NIFTY MIDSMALL HEALTHCARE,12-Dec-22,32.13,3.58,1.05,-,-,-,20495.75
NIFTY MIDSMALL HEALTHCARE,09-Dec-22,32.21,3.59,1.05,-,-,-,20544.37
NIFTY MIDSMALL HEALTHCARE,08-Dec-22,32.2,3.59,1.05,-,-,-,20540.99
NIFTY MIDSMALL HEALTHCARE,07-Dec-22,32.28,3.6,1.04,-,-,-,20592.47
NIFTY MIDSMALL HEALTHCARE,06-Dec-22,32.43,3.61,1.04,-,-,-,20688.86
NIFTY MIDSMALL HEALTHCARE,05-Dec-22,32.51,3.62,1.04,-,-,-,20738.94
NIFTY MIDSMALL HEALTHCARE,02-Dec-22,32.67,3.64,1.03,-,-,-,20840.56
NIFTY MIDSMALL HEALTHCARE,01-Dec-22,32.63,3.64,1.03,-,-,-,20813.05
NIFTY MIDSMALL HEALTHCARE,30-Nov-22,32.59,3.63,1.03,-,-,-,20791.69
NIFTY MIDSMALL HEALTHCARE,29-Nov-22,32.4,3.61,1.04,-,-,-,20669.16
NIFTY MIDSMALL HEALTHCARE,28-Nov-22,32.49,3.62,1.04,-,-,-,20727.86
NIFTY MIDSMALL HEALTHCARE,25-Nov-22,32.35,3.61,1.04,-,-,-,20635.79
NIFTY MIDSMALL HEALTHCARE,24-Nov-22,32.18,3.59,1.05,-,-,-,20530.18
NIFTY MIDSMALL HEALTHCARE,23-Nov-22,32.2,3.59,1.05,-,-,-,20539.74
NIFTY MIDSMALL HEALTHCARE,22-Nov-22,32.21,3.59,1.05,-,-,-,20549.78
NIFTY MIDSMALL HEALTHCARE,21-Nov-22,32.23,3.59,1.05,-,-,-,20560.27
NIFTY MIDSMALL HEALTHCARE,18-Nov-22,32.31,3.6,1.04,-,-,-,20609.66
NIFTY MIDSMALL HEALTHCARE,17-Nov-22,32.48,3.62,1.04,-,-,-,20716.58
NIFTY MIDSMALL HEALTHCARE,16-Nov-22,32.7,3.64,1.06,-,-,-,20856.94
NIFTY MIDSMALL HEALTHCARE,15-Nov-22,33.11,3.68,1.05,-,-,-,21068.11
NIFTY MIDSMALL HEALTHCARE,14-Nov-22,32.52,3.69,1.04,-,-,-,21139.81
NIFTY MIDSMALL HEALTHCARE,11-Nov-22,38.22,3.64,1.06,-,-,-,20848.31
NIFTY MIDSMALL HEALTHCARE,10-Nov-22,38.05,3.64,1.05,-,-,-,20853
NIFTY MIDSMALL HEALTHCARE,09-Nov-22,38.46,3.68,1.04,-,-,-,21072.92
NIFTY MIDSMALL HEALTHCARE,07-Nov-22,38.96,3.73,1.03,-,-,-,21350.19
NIFTY MIDSMALL HEALTHCARE,04-Nov-22,38.91,3.73,1.03,-,-,-,21354.27
NIFTY MIDSMALL HEALTHCARE,03-Nov-22,38.19,3.75,1.03,-,-,-,21500.99
NIFTY MIDSMALL HEALTHCARE,02-Nov-22,38.17,3.75,1.01,-,-,-,21487.74
NIFTY MIDSMALL HEALTHCARE,01-Nov-22,38.72,3.71,1.07,-,-,-,21274.24
NIFTY MIDSMALL HEALTHCARE,31-Oct-22,38.17,3.66,1.08,-,-,-,20970.1
NIFTY MIDSMALL HEALTHCARE,28-Oct-22,37.58,3.6,1.1,-,-,-,20647.34
NIFTY MIDSMALL HEALTHCARE,27-Oct-22,37.68,3.61,1.1,-,-,-,20700.87
NIFTY MIDSMALL HEALTHCARE,25-Oct-22,37.29,3.58,1.11,-,-,-,20486.01
NIFTY MIDSMALL HEALTHCARE,24-Oct-22,37.18,3.57,1.11,-,-,-,20454.45
NIFTY MIDSMALL HEALTHCARE,21-Oct-22,37.16,3.57,1.11,-,-,-,20443.52
NIFTY MIDSMALL HEALTHCARE,20-Oct-22,37.36,3.59,1.1,-,-,-,20556.58
NIFTY MIDSMALL HEALTHCARE,19-Oct-22,37.37,3.58,1.11,-,-,-,20526.46
NIFTY MIDSMALL HEALTHCARE,18-Oct-22,37.34,3.58,1.11,-,-,-,20507.95
NIFTY MIDSMALL HEALTHCARE,17-Oct-22,37.31,3.58,1.11,-,-,-,20494.45
NIFTY MIDSMALL HEALTHCARE,14-Oct-22,37.4,3.59,1.1,-,-,-,20543.77
NIFTY MIDSMALL HEALTHCARE,13-Oct-22,37.33,3.58,1.11,-,-,-,20507.48
NIFTY MIDSMALL HEALTHCARE,12-Oct-22,37.29,3.58,1.11,-,-,-,20480.71
NIFTY MIDSMALL HEALTHCARE,11-Oct-22,37.36,3.58,1.11,-,-,-,20521.91
NIFTY MIDSMALL HEALTHCARE,10-Oct-22,37.93,3.64,1.09,-,-,-,20833.9
NIFTY MIDSMALL HEALTHCARE,07-Oct-22,38.25,3.67,1.08,-,-,-,21011.86
NIFTY MIDSMALL HEALTHCARE,06-Oct-22,38.5,3.69,1.07,-,-,-,21150.18
NIFTY MIDSMALL HEALTHCARE,04-Oct-22,38.35,3.68,1.08,-,-,-,21062.76
NIFTY MIDSMALL HEALTHCARE,03-Oct-22,37.9,3.63,1.09,-,-,-,20816.05
NIFTY MIDSMALL HEALTHCARE,30-Sep-22,37.51,3.6,1.1,-,-,-,20602.06
NIFTY MIDSMALL HEALTHCARE,29-Sep-22,32.28,3.87,1.18,-,-,-,20448.24
NIFTY MIDSMALL HEALTHCARE,28-Sep-22,31.91,3.82,1.19,-,-,-,20213.37
NIFTY MIDSMALL HEALTHCARE,27-Sep-22,31.98,3.83,1.19,-,-,-,20258.58
NIFTY MIDSMALL HEALTHCARE,26-Sep-22,31.79,3.81,1.19,-,-,-,20140.88
NIFTY MIDSMALL HEALTHCARE,23-Sep-22,32.17,3.86,1.18,-,-,-,20380.57
NIFTY MIDSMALL HEALTHCARE,22-Sep-22,32.39,3.88,1.17,-,-,-,20515.9
NIFTY MIDSMALL HEALTHCARE,21-Sep-22,32.7,3.92,1.16,-,-,-,20717.45
NIFTY MIDSMALL HEALTHCARE,20-Sep-22,32.88,3.94,1.15,-,-,-,20826.33
NIFTY MIDSMALL HEALTHCARE,19-Sep-22,32.34,3.87,1.17,-,-,-,20485.54
NIFTY MIDSMALL HEALTHCARE,16-Sep-22,32.4,3.88,1.15,-,-,-,20521.95
NIFTY MIDSMALL HEALTHCARE,15-Sep-22,33.06,3.96,1.13,-,-,-,20942.83
NIFTY MIDSMALL HEALTHCARE,14-Sep-22,33.13,3.97,1.12,-,-,-,20984.37
NIFTY MIDSMALL HEALTHCARE,13-Sep-22,33.16,3.97,1.12,-,-,-,21004.36
NIFTY MIDSMALL HEALTHCARE,12-Sep-22,32.99,3.95,1.13,-,-,-,20897.13
NIFTY MIDSMALL HEALTHCARE,09-Sep-22,32.94,3.95,1.11,-,-,-,20866.91
NIFTY MIDSMALL HEALTHCARE,08-Sep-22,32.79,3.93,1.09,-,-,-,20768.94
NIFTY MIDSMALL HEALTHCARE,07-Sep-22,32.71,3.92,1.11,-,-,-,20721.89
NIFTY MIDSMALL HEALTHCARE,06-Sep-22,32.47,3.89,1.12,-,-,-,20571.04
NIFTY MIDSMALL HEALTHCARE,05-Sep-22,32.48,3.89,1.12,-,-,-,20572.41
NIFTY MIDSMALL HEALTHCARE,02-Sep-22,32.55,3.9,1.12,-,-,-,20617.52
NIFTY MIDSMALL HEALTHCARE,01-Sep-22,32.77,3.93,1.11,-,-,-,20758.99
NIFTY MIDSMALL HEALTHCARE,30-Aug-22,32.87,3.95,1.12,-,-,-,20813.79
NIFTY MIDSMALL HEALTHCARE,29-Aug-22,32.59,3.91,1.13,-,-,-,20632.32
NIFTY MIDSMALL HEALTHCARE,26-Aug-22,32.58,3.91,1.15,-,-,-,20626.46
NIFTY MIDSMALL HEALTHCARE,25-Aug-22,32.72,3.93,1.15,-,-,-,20713.5
NIFTY MIDSMALL HEALTHCARE,24-Aug-22,32.76,3.93,1.14,-,-,-,20738.96
NIFTY MIDSMALL HEALTHCARE,23-Aug-22,32.72,3.93,1.15,-,-,-,20717.41
NIFTY MIDSMALL HEALTHCARE,22-Aug-22,32.48,3.9,1.16,-,-,-,20564.35
NIFTY MIDSMALL HEALTHCARE,19-Aug-22,32.87,3.95,1.15,-,-,-,20810.02
NIFTY MIDSMALL HEALTHCARE,18-Aug-22,33.17,3.98,1.12,-,-,-,21002.46
NIFTY MIDSMALL HEALTHCARE,17-Aug-22,33.16,4.04,1.11,-,-,-,20991.48
NIFTY MIDSMALL HEALTHCARE,16-Aug-22,33.12,4.06,1.08,-,-,-,20971.87
NIFTY MIDSMALL HEALTHCARE,12-Aug-22,32.06,4,1.1,-,-,-,20670.36
NIFTY MIDSMALL HEALTHCARE,11-Aug-22,31.37,4.04,1.09,-,-,-,20701.8
NIFTY MIDSMALL HEALTHCARE,10-Aug-22,31.87,4.11,1.09,-,-,-,20612
NIFTY MIDSMALL HEALTHCARE,08-Aug-22,30.38,4.16,1.08,-,-,-,20879.43
NIFTY MIDSMALL HEALTHCARE,05-Aug-22,29.86,4.15,1.08,-,-,-,20839.1
NIFTY MIDSMALL HEALTHCARE,04-Aug-22,30.01,4.17,1.01,-,-,-,20927.33
NIFTY MIDSMALL HEALTHCARE,03-Aug-22,29.35,4.11,1.03,-,-,-,20630.47
,,,,,-,-,-,20762.38
,,,,,-,-,-,20747.65
,,,,,-,-,-,20629.48
,,,,,-,-,-,20446.79
,,,,,-,-,-,20286.94
,,,,,-,-,-,20040.27
,,,,,-,-,-,20262
,,,,,-,-,-,20449.9
,,,,,-,-,-,20596.3
,,,,,-,-,-,20568.32
,,,,,-,-,-,20529.08
,,,,,-,-,-,20411.55
,,,,,-,-,-,20305.3
,,,,,-,-,-,20269.74
,,,,,-,-,-,20130.24
,,,,,-,-,-,19896.97
,,,,,-,-,-,20023.46
,,,,,-,-,-,19966.88
,,,,,-,-,-,19948.16
,,,,,-,-,-,19699.24
,,,,,-,-,-,19575.58
,,,,,-,-,-,19593.01
,,,,,-,-,-,19511.95
,,,,,-,-,-,19431.32
,,,,,-,-,-,19405.63
,,,,,-,-,-,19424.72
,,,,,-,-,-,19445.3
,,,,,-,-,-,19385.59
,,,,,-,-,-,19184.85
,,,,,-,-,-,18993.5
,,,,,-,-,-,19203.38
,,,,,-,-,-,18840.9
,,,,,-,-,-,19031.88
,,,,,-,-,-,19166.13
,,,,,-,-,-,19579.6
,,,,,-,-,-,19480.28
,,,,,-,-,-,19501.31
,,,,,-,-,-,19910.53
,,,,,-,-,-,19978.05
,,,,,-,-,-,19934.13
,,,,,-,-,-,19913.98
,,,,,-,-,-,20047.32
,,,,,-,-,-,20091.32
,,,,,-,-,-,20307.05
,,,,,-,-,-,20273.28
,,,,,-,-,-,20304.29
,,,,,-,-,-,20272.66
,,,,,-,-,-,20161.97
,,,,,-,-,-,19998.64
,,,,,-,-,-,19858.62
,,,,,-,-,-,20245.23
,,,,,-,-,-,20498.94
,,,,,-,-,-,20526.55
,,,,,-,-,-,20061.02
,,,,,-,-,-,20484.56
,,,,,-,-,-,20429.07
,,,,,-,-,-,20173.28
,,,,,-,-,-,20183.28
,,,,,-,-,-,20065.37
,,,,,-,-,-,20245.96
,,,,,-,-,-,20407.88
,,,,,-,-,-,20858.66
,,,,,-,-,-,21142.91
,,,,,-,-,-,21511.95
,,,,,-,-,-,21530.43
,,,,,-,-,-,22071.06
,,,,,-,-,-,22222.6
,,,,,-,-,-,22254.81
,,,,,-,-,-,22302.75
,,,,,-,-,-,22363.66
,,,,,-,-,-,22345.25
,,,,,-,-,-,22642.17
,,,,,-,-,-,22817
,,,,,-,-,-,22641.55
,,,,,-,-,-,22354.23
,,,,,-,-,-,22593.14
,,,,,-,-,-,22761.71
,,,,,-,-,-,22772.59
,,,,,-,-,-,23054.45
,,,,,-,-,-,22973.16
,,,,,-,-,-,22821.71
,,,,,-,-,-,22824.85
,,,,,-,-,-,22951.81
,,,,,-,-,-,22620.56
,,,,,-,-,-,22412.45
,,,,,-,-,-,22416.49
,,,,,-,-,-,22521.27
,,,,,-,-,-,22418.36
,,,,,-,-,-,22020.73
,,,,,-,-,-,22094.26
,,,,,-,-,-,22283.87
,,,,,-,-,-,22153.3
,,,,,-,-,-,21949.02
,,,,,-,-,-,22030.71
,,,,,-,-,-,21920.74
,,,,,-,-,-,21809.58
,,,,,-,-,-,21541.61
,,,,,-,-,-,21696.07
,,,,,-,-,-,21844.49
,,,,,-,-,-,21551.58
,,,,,-,-,-,21563.99
,,,,,-,-,-,21172.47
,,,,,-,-,-,20939.06
,,,,,-,-,-,21110.06
,,,,,-,-,-,21452.17
,,,,,-,-,-,21377.63
,,,,,-,-,-,21424.43
,,,,,-,-,-,21206.65
,,,,,-,-,-,20552.23
,,,,,-,-,-,21407.71
,,,,,-,-,-,21293.01
,,,,,-,-,-,21550.27
,,,,,-,-,-,21898.27
,,,,,-,-,-,22052.54
,,,,,-,-,-,22172.54
,,,,,-,-,-,22070.9
,,,,,-,-,-,21776.04
,,,,,-,-,-,22376.77
,,,,,-,-,-,22651.8
,,,,,-,-,-,22596.15
,,,,,-,-,-,22438.61
,,,,,-,-,-,22570.06
,,,,,-,-,-,22806.29
,,,,,-,-,-,22986.8
,,,,,-,-,-,23169.26
,,,,,-,-,-,22850.2
,,,,,-,-,-,22697.48
,,,,,-,-,-,22456.82
,,,,,-,-,-,22206.9
,,,,,-,-,-,22561.96
,,,,,-,-,-,22401.88
,,,,,-,-,-,23061.86
,,,,,-,-,-,23353.1
,,,,,-,-,-,23493.75
,,,,,-,-,-,23623.65
,,,,,-,-,-,24001.82
,,,,,-,-,-,24279.06
,,,,,-,-,-,24392.43
,,,,,-,-,-,24300.69
,,,,,-,-,-,24283.52
,,,,,-,-,-,24331.02
,,,,,-,-,-,24321.11
,,,,,-,-,-,24452.52
,,,,,-,-,-,24562.43
,,,,,-,-,-,24686.65
,,,,,-,-,-,24900.46
,,,,,-,-,-,24879.28
,,,,,-,-,-,24646.64
,,,,,-,-,-,24441.22
,,,,,-,-,-,24105.69
,,,,,-,-,-,23882.64
,,,,,-,-,-,23547.95
,,,,,-,-,-,23680.63
,,,,,-,-,-,23410.89
,,,,,-,-,-,23147.37
,,,,,-,-,-,22904.59
,,,,,-,-,-,23306.15
,,,,,-,-,-,23717.14
,,,,,-,-,-,23896.05
,,,,,-,-,-,24004.56
,,,,,-,-,-,23981.49
,,,,,-,-,-,24023.35
,,,,,-,-,-,23871.15
,,,,,-,-,-,23677.25
,,,,,-,-,-,23433.02
,,,,,-,-,-,23460.42
,,,,,-,-,-,23840.83
,,,,,-,-,-,23942.43
,,,,,-,-,-,23818.54
,,,,,-,-,-,24073.21
,,,,,-,-,-,23957.76
,,,,,-,-,-,23964.08
,,,,,-,-,-,23732.8
,,,,,-,-,-,23440.89
,,,,,-,-,-,23307.41
,,,,,-,-,-,22971.4
,,,,,-,-,-,23603.71
,,,,,-,-,-,23894.58
,,,,,-,-,-,24000.27
,,,,,-,-,-,24097.36
,,,,,-,-,-,23525.52
,,,,,-,-,-,23453.75
,,,,,-,-,-,23857.07
,,,,,-,-,-,23928.22
,,,,,-,-,-,23846.91
,,,,,-,-,-,23820.24
,,,,,-,-,-,23679.97
,,,,,-,-,-,23705.1
,,,,,-,-,-,23689.87
,,,,,-,-,-,23522.69
,,,,,-,-,-,23643.15
,,,,,-,-,-,23988.62
,,,,,-,-,-,23936.27
,,,,,-,-,-,23761.29
,,,,,-,-,-,23897.68
,,,,,-,-,-,24453.87
,,,,,-,-,-,24595.89
,,,,,-,-,-,24795.3
,,,,,-,-,-,25236.79
,,,,,-,-,-,25442.28
,,,,,-,-,-,25329.89
,,,,,-,-,-,25252.66
,,,,,-,-,-,25396.72
,,,,,-,-,-,25418.74
,,,,,-,-,-,25393.02
,,,,,-,-,-,25225.92
,,,,,-,-,-,25520.51
,,,,,-,-,-,25566.47
,,,,,-,-,-,25300.56
,,,,,-,-,-,25076.05
,,,,,-,-,-,24913.14
,,,,,-,-,-,24927.03
,,,,,-,-,-,25102.22
,,,,,-,-,-,25382.62
,,,,,-,-,-,25712.36
,,,,,-,-,-,25497.42
,,,,,-,-,-,25375.62
,,,,,-,-,-,25318.11
,,,,,-,-,-,25771.05
,,,,,-,-,-,26345.49
,,,,,-,-,-,26516.44
,,,,,-,-,-,26483.97
,,,,,-,-,-,26239.57
,,,,,-,-,-,26071.97
,,,,,-,-,-,25978.42
,,,,,-,-,-,25878.45
,,,,,-,-,-,26088.38
,,,,,-,-,-,26045.26
,,,,,-,-,-,25983.83
,,,,,-,-,-,26021.39
,,,,,-,-,-,26032.39
,,,,,-,-,-,25651.54
,,,,,-,-,-,25318.02
,,,,,-,-,-,25130.81
,,,,,-,-,-,25168.57
,,,,,-,-,-,25109.69
,,,,,-,-,-,25140.45
,,,,,-,-,-,25399.02
,,,,,-,-,-,25697.91
,,,,,-,-,-,25614.82
,,,,,-,-,-,25419.99
,,,,,-,-,-,25309.04
,,,,,-,-,-,25583.33
,,,,,-,-,-,25271.01
,,,,,-,-,-,25584.72
,,,,,-,-,-,25553.67
,,,,,-,-,-,25603.76
,,,,,-,-,-,25651.75
,,,,,-,-,-,25594.9
,,,,,-,-,-,25741.57
,,,,,-,-,-,25561.83
,,,,,-,-,-,25448.49
,,,,,-,-,-,25473.15
,,,,,-,-,-,25365.7
,,,,,-,-,-,25483.19
,,,,,-,-,-,25662.74
,,,,,-,-,-,25566.97
,,,,,-,-,-,25442.34
,,,,,-,-,-,25226.73
,,,,,-,-,-,25498.81
,,,,,-,-,-,25518.1
,,,,,-,-,-,25218.85
,,,,,-,-,-,25260.58
,,,,,-,-,-,25180.42
,,,,,-,-,-,25213.35
,,,,,-,-,-,25135.87
,,,,,-,-,-,25091.53
,,,,,-,-,-,25181.02
,,,,,-,-,-,25230.21
,,,,,-,-,-,25236.47
,,,,,-,-,-,25129.66
,,,,,-,-,-,24762.64
,,,,,-,-,-,24672.49
,,,,,-,-,-,24532.4
,,,,,-,-,-,24459.58
,,,,,-,-,-,24416.47
,,,,,-,-,-,24226.6
,,,,,-,-,-,24240.05
,,,,,-,-,-,24206.01
,,,,,-,-,-,24246.56
,,,,,-,-,-,24076.88
,,,,,-,-,-,24184.53
,,,,,-,-,-,24473.03
,,,,,-,-,-,24562.86
,,,,,-,-,-,24693.71
,,,,,-,-,-,24622.43
,,,,,-,-,-,24438.52
,,,,,-,-,-,24015.49
,,,,,-,-,-,24239.23
,,,,,-,-,-,23945.19
,,,,,-,-,-,23701.6
,,,,,-,-,-,23703.71
,,,,,-,-,-,23615.27
,,,,,-,-,-,23454.75
,,,,,-,-,-,23499.31
,,,,,-,-,-,23434.37
,,,,,-,-,-,23621.49
,,,,,-,-,-,23740.99
,,,,,-,-,-,23567.65
,,,,,-,-,-,23696.49
,,,,,-,-,-,23452.52
,,,,,-,-,-,23271.51
,,,,,-,-,-,23341.14
,,,,,-,-,-,23250.47
,,,,,-,-,-,23147.46
,,,,,-,-,-,23029.91
,,,,,-,-,-,23287.33
,,,,,-,-,-,23553.71
,,,,,-,-,-,23452.6
,,,,,-,-,-,23132.28
,,,,,-,-,-,23133.87
,,,,,-,-,-,23044.47
,,,,,-,-,-,22714.72
,,,,,-,-,-,22986.1
,,,,,-,-,-,22745.51
,,,,,-,-,-,22749.69
,,,,,-,-,-,22744.64
,,,,,-,-,-,22755.71
,,,,,-,-,-,22579.96
,,,,,-,-,-,22644.2
,,,,,-,-,-,22808.62
,,,,,-,-,-,22792.96
,,,,,-,-,-,22687.99
,,,,,-,-,-,22603.63
,,,,,-,-,-,22286.65
,,,,,-,-,-,22208.04
,,,,,-,-,-,22287.83
,,,,,-,-,-,22506.3
,,,,,-,-,-,22162.01
,,,,,-,-,-,21866.52
,,,,,-,-,-,21737.56
,,,,,-,-,-,21491.2
,,,,,-,-,-,21272.89
,,,,,-,-,-,20985.23
,,,,,-,-,-,20933.43
,,,,,-,-,-,20523.54
,,,,,-,-,-,20272.58
,,,,,-,-,-,20625.71
,,,,,-,-,-,20776.74
,,,,,-,-,-,20497.85
,,,,,-,-,-,20393.14
,,,,,-,-,-,20383.41
,,,,,-,-,-,20673.17
,,,,,-,-,-,21076.88
,,,,,-,-,-,20973.26
,,,,,-,-,-,21047.75
,,,,,-,-,-,20973.81
,,,,,-,-,-,20947.67
,,,,,-,-,-,20913.77
,,,,,-,-,-,20877.04
,,,,,-,-,-,21241.32
,,,,,-,-,-,21250.03
,,,,,-,-,-,21170.73
,,,,,-,-,-,21053
,,,,,-,-,-,20783.96
,,,,,-,-,-,20920.77
,,,,,-,-,-,20815.03
,,,,,-,-,-,20666.76
,,,,,-,-,-,20638.52
,,,,,-,-,-,20830.8
,,,,,-,-,-,21245.41
,,,,,-,-,-,21569.69
,,,,,-,-,-,21585.07
,,,,,-,-,-,21481.22
,,,,,-,-,-,20979.74
,,,,,-,-,-,21119.98
,,,,,-,-,-,21094.71
,,,,,-,-,-,21174.51
,,,,,-,-,-,21044.03
,,,,,-,-,-,21028.99
,,,,,-,-,-,21181.55
,,,,,-,-,-,21119.71
,,,,,-,-,-,20755.43
,,,,,-,-,-,20521.36
,,,,,-,-,-,20358.51
,,,,,-,-,-,20593.17
,,,,,-,-,-,20712
,,,,,-,-,-,20971.76
,,,,,-,-,-,20972.32
,,,,,-,-,-,21096.09
,,,,,-,-,-,21431.25
,,,,,-,-,-,21423.79
,,,,,-,-,-,21157.8
,,,,,-,-,-,21420.04
,,,,,-,-,-,21532.15
,,,,,-,-,-,21420.54
,,,,,-,-,-,21557.04
,,,,,-,-,-,21585.02
,,,,,-,-,-,21665.91
,,,,,-,-,-,21444.16
,,,,,-,-,-,21432
,,,,,-,-,-,21524.68
,,,,,-,-,-,21332.07
,,,,,-,-,-,21240.76
,,,,,-,-,-,21071.57
,,,,,-,-,-,21025.72
,,,,,-,-,-,20961.82
,,,,,-,-,-,21049.43
,,,,,-,-,-,20919.7
,,,,,-,-,-,20783.15
,,,,,-,-,-,20535.67
,,,,,-,-,-,20333.94
,,,,,-,-,-,20932.29
,,,,,-,-,-,20933.26
,,,,,-,-,-,21012.52
,,,,,-,-,-,20901.79
,,,,,-,-,-,20873.07
,,,,,-,-,-,20832.68
,,,,,-,-,-,20863.76
,,,,,-,-,-,21043.43
,,,,,-,-,-,21048.78
,,,,,-,-,-,21002.82
,,,,,-,-,-,20747.49
,,,,,-,-,-,20636.1
,,,,,-,-,-,20696.36
,,,,,-,-,-,20799.29
,,,,,-,-,-,20575.44
,,,,,-,-,-,20207.22
,,,,,-,-,-,20068.23
,,,,,-,-,-,20423.94
,,,,,-,-,-,20316.22
,,,,,-,-,-,19987.87
,,,,,-,-,-,19657.93
,,,,,-,-,-,19630.72
,,,,,-,-,-,19732
,,,,,-,-,-,19766.64
,,,,,-,-,-,19610.62
,,,,,-,-,-,19253.39
,,,,,-,-,-,19156.57
,,,,,-,-,-,18751.03
,,,,,-,-,-,19357.19
,,,,,-,-,-,19546.78
,,,,,-,-,-,19654.04
,,,,,-,-,-,19465.98
,,,,,-,-,-,19429.94
,,,,,-,-,-,19297.57
,,,,,-,-,-,19433.45
,,,,,-,-,-,19457.04
,,,,,-,-,-,19566.18
,,,,,-,-,-,19709.48
,,,,,-,-,-,19367.11
,,,,,-,-,-,19465.83
,,,,,-,-,-,19487.79
,,,,,-,-,-,19454.77
,,,,,-,-,-,19530.18
,,,,,-,-,-,19521.26
,,,,,-,-,-,19463.46
,,,,,-,-,-,19312.5
,,,,,-,-,-,19561.71
,,,,,-,-,-,19786.24
,,,,,-,-,-,19789.73
,,,,,-,-,-,19743.22
,,,,,-,-,-,19785.62
,,,,,-,-,-,19868.78
,,,,,-,-,-,19592
,,,,,-,-,-,19536.45
,,,,,-,-,-,19418.19
,,,,,-,-,-,19378.8
,,,,,-,-,-,19288.79
,,,,,-,-,-,19343.31
,,,,,-,-,-,18836.51
,,,,,-,-,-,18443.76
,,,,,-,-,-,18470.45
,,,,,-,-,-,18422.44
,,,,,-,-,-,18694.64
,,,,,-,-,-,19155.47
,,,,,-,-,-,18902.34
,,,,,-,-,-,18801.15
,,,,,-,-,-,18676.6
,,,,,-,-,-,18396.85
,,,,,-,-,-,17849.42
,,,,,-,-,-,17783.72
,,,,,-,-,-,17692.3
,,,,,-,-,-,17686.23
,,,,,-,-,-,17821.86
,,,,,-,-,-,17654.02
,,,,,-,-,-,17792.27
,,,,,-,-,-,17728.87
,,,,,-,-,-,17481.95
,,,,,-,-,-,17279.5
,,,,,-,-,-,17930.31
,,,,,-,-,-,18032.02
,,,,,-,-,-,17983.5
,,,,,-,-,-,17984.77
,,,,,-,-,-,17994.37
,,,,,-,-,-,17902.41
,,,,,-,-,-,17850.67
,,,,,-,-,-,17775.39
,,,,,-,-,-,17816.55
,,,,,-,-,-,17800.53
,,,,,-,-,-,17780.65
,,,,,-,-,-,17770.13
,,,,,-,-,-,17721.27
,,,,,-,-,-,17905.56
,,,,,-,-,-,18166.05
,,,,,-,-,-,17641.93
,,,,,-,-,-,17517.1
,,,,,-,-,-,17380.38
,,,,,-,-,-,17310.08
,,,,,-,-,-,17039.41
,,,,,-,-,-,16802.85
,,,,,-,-,-,16498.71
,,,,,-,-,-,16362.48
,,,,,-,-,-,16185.98
,,,,,-,-,-,16048.05
,,,,,-,-,-,16182.43
,,,,,-,-,-,16141.66
,,,,,-,-,-,15784.38
,,,,,-,-,-,15844.24
,,,,,-,-,-,15904.74
,,,,,-,-,-,15884.13
,,,,,-,-,-,15715.36
,,,,,-,-,-,15563.65
,,,,,-,-,-,15463.28
,,,,,-,-,-,15438.4
,,,,,-,-,-,15347.79
,,,,,-,-,-,15325.55
,,,,,-,-,-,15193.85
,,,,,-,-,-,15175.2
,,,,,-,-,-,15204.91
,,,,,-,-,-,15137.24
,,,,,-,-,-,15062.28
,,,,,-,-,-,14942.72
,,,,,-,-,-,14996.75
,,,,,-,-,-,15078.28
,,,,,-,-,-,15191.97
,,,,,-,-,-,15264.72
,,,,,-,-,-,15094.76
,,,,,-,-,-,15426.16
,,,,,-,-,-,15290.42
,,,,,-,-,-,14855.96
,,,,,-,-,-,14818.94
,,,,,-,-,-,14858.34
,,,,,-,-,-,14937.74
,,,,,-,-,-,14897.59
,,,,,-,-,-,14794.03
,,,,,-,-,-,14671.54
,,,,,-,-,-,14884.97
,,,,,-,-,-,14633.92
,,,,,-,-,-,14607.24
,,,,,-,-,-,14602.97
,,,,,-,-,-,14483.29
,,,,,-,-,-,14387.81
,,,,,-,-,-,14407.46
,,,,,-,-,-,14212.76
,,,,,-,-,-,14077.97
,,,,,-,-,-,14030.16
,,,,,-,-,-,14037.1
,,,,,-,-,-,14329.99
,,,,,-,-,-,14289.25
,,,,,-,-,-,14318
,,,,,-,-,-,14237.39
,,,,,-,-,-,14008.61
,,,,,-,-,-,14048.18
,,,,,-,-,-,14385.88
,,,,,-,-,-,14375.92
,,,,,-,-,-,14225.46
,,,,,-,-,-,14324.66
,,,,,-,-,-,14429.36
,,,,,-,-,-,14406.67
,,,,,-,-,-,14350.48
,,,,,-,-,-,14379.37
,,,,,-,-,-,14415.95
,,,,,-,-,-,14583.7
,,,,,-,-,-,14531.86
,,,,,-,-,-,14605.35
,,,,,-,-,-,14555.62
,,,,,-,-,-,14707.21
,,,,,-,-,-,14335.91
,,,,,-,-,-,14075.95
,,,,,-,-,-,13908.61
,,,,,-,-,-,13885.82
,,,,,-,-,-,13999.93
,,,,,-,-,-,13937.61
,,,,,-,-,-,14122.64
,,,,,-,-,-,13957.62
,,,,,-,-,-,13904.33
,,,,,-,-,-,13921.8
,,,,,-,-,-,13633.88
,,,,,-,-,-,13028.45
,,,,,-,-,-,12252.85
,,,,,-,-,-,12029.62
,,,,,-,-,-,12131.61
,,,,,-,-,-,11839.25
,,,,,-,-,-,11777.08
,,,,,-,-,-,11814.77
,,,,,-,-,-,11607.28
,,,,,-,-,-,11430.73
,,,,,-,-,-,11227.73
,,,,,-,-,-,12317.72
,,,,,-,-,-,11572.42
,,,,,-,-,-,11991.97
,,,,,-,-,-,12690.17
,,,,,-,-,-,12795.01
,,,,,-,-,-,13182.63
,,,,,-,-,-,12976.52
,,,,,-,-,-,14035.73
,,,,,-,-,-,14069.51
,,,,,-,-,-,14548.16
,,,,,-,-,-,14659.18
,,,,,-,-,-,14627.87
,,,,,-,-,-,14660.3
,,,,,-,-,-,14410.51
,,,,,-,-,-,14445.39
,,,,,-,-,-,14746.2
,,,,,-,-,-,14792.17
,,,,,-,-,-,14843.52
,,,,,-,-,-,14831.28
,,,,,-,-,-,15063.69
,,,,,-,-,-,14946.29
,,,,,-,-,-,14624.23
,,,,,-,-,-,14580.26
,,,,,-,-,-,14870.25
,,,,,-,-,-,14918.25
,,,,,-,-,-,14732.69
,,,,,-,-,-,14682.32
,,,,,-,-,-,14597.18
,,,,,-,-,-,14474.78
,,,,,-,-,-,14161.24
,,,,,-,-,-,14149.88
,,,,,-,-,-,14020.18
,,,,,-,-,-,14015.86
,,,,,-,-,-,13906.73
,,,,,-,-,-,14133.56
,,,,,-,-,-,14227.04
,,,,,-,-,-,14281.43
,,,,,-,-,-,14261.5
,,,,,-,-,-,14376.84
,,,,,-,-,-,14172.26
,,,,,-,-,-,14152.39
,,,,,-,-,-,14008.31
,,,,,-,-,-,13971.32
,,,,,-,-,-,13969.62
,,,,,-,-,-,13895.41
,,,,,-,-,-,13808.04
,,,,,-,-,-,13645.3
,,,,,-,-,-,13551.11
,,,,,-,-,-,13508.57
,,,,,-,-,-,13432.55
,,,,,-,-,-,13383.54
,,,,,-,-,-,13251.85
,,,,,-,-,-,13181.64
,,,,,-,-,-,13110.61
,,,,,-,-,-,13292.89
,,,,,-,-,-,13291.1
,,,,,-,-,-,13167.81
,,,,,-,-,-,13094.19
,,,,,-,-,-,13045.61
,,,,,-,-,-,13023.35
,,,,,-,-,-,12949.1
,,,,,-,-,-,12959.64
,,,,,-,-,-,13017.22
,,,,,-,-,-,13046.67
,,,,,-,-,-,13140.99
,,,,,-,-,-,13116.78
,,,,,-,-,-,13108.23
,,,,,-,-,-,13139.84
,,,,,-,-,-,13087.59
,,,,,-,-,-,13078.41
,,,,,-,-,-,13035.69
,,,,,-,-,-,12947.86
,,,,,-,-,-,13113.18
,,,,,-,-,-,13163.5
,,,,,-,-,-,13246.48
,,,,,-,-,-,13282.32
,,,,,-,-,-,13170.74
,,,,,-,-,-,13155.79
,,,,,-,-,-,13191.87
,,,,,-,-,-,13177.49
,,,,,-,-,-,13146.11
,,,,,-,-,-,13103.09
,,,,,-,-,-,13119.52
,,,,,-,-,-,13017.61
,,,,,-,-,-,13067.03
,,,,,-,-,-,13081.94
,,,,,-,-,-,13078.33
,,,,,-,-,-,13081.47
,,,,,-,-,-,12822.21
,,,,,-,-,-,12909.94
,,,,,-,-,-,12815.59
,,,,,-,-,-,12917.99
,,,,,-,-,-,12826.71
,,,,,-,-,-,12939.2
,,,,,-,-,-,12823.26
,,,,,-,-,-,12855.61
,,,,,-,-,-,12944.96
,,,,,-,-,-,12940.76
,,,,,-,-,-,12926.27
,,,,,-,-,-,12747.8
,,,,,-,-,-,12721.89
,,,,,-,-,-,12652.78
,,,,,-,-,-,12479.9
,,,,,-,-,-,12431.29
,,,,,-,-,-,12263.15
,,,,,-,-,-,12234.94
,,,,,-,-,-,12106.12
,,,,,-,-,-,11977.52
,,,,,-,-,-,11860.04
,,,,,-,-,-,11876.94
,,,,,-,-,-,11819.59
,,,,,-,-,-,11764.28
,,,,,-,-,-,11720.73
,,,,,-,-,-,11730.99
,,,,,-,-,-,11650.51
,,,,,-,-,-,11801.51
,,,,,-,-,-,11784.79
,,,,,-,-,-,11805.13
,,,,,-,-,-,11915.35
,,,,,-,-,-,12041.14
,,,,,-,-,-,12143.28
,,,,,-,-,-,12114.46
,,,,,-,-,-,12294.07
,,,,,-,-,-,12332.3
,,,,,-,-,-,12178.08
,,,,,-,-,-,11912.78
,,,,,-,-,-,12012.07
,,,,,-,-,-,11911.29
,,,,,-,-,-,12103.79
,,,,,-,-,-,12091.72
,,,,,-,-,-,12078.83
,,,,,-,-,-,12116.59
,,,,,-,-,-,12039.32
,,,,,-,-,-,11951.21
,,,,,-,-,-,11844.63
,,,,,-,-,-,11763.04
,,,,,-,-,-,11748.29
,,,,,-,-,-,11757.31
,,,,,-,-,-,11633.13
,,,,,-,-,-,11613.04
,,,,,-,-,-,11596.66
,,,,,-,-,-,11568.46
,,,,,-,-,-,11470.24
,,,,,-,-,-,11477.24
,,,,,-,-,-,11568.8
,,,,,-,-,-,11717.31
,,,,,-,-,-,11749.78
,,,,,-,-,-,11731.4
,,,,,-,-,-,11699.73
,,,,,-,-,-,11672.66
,,,,,-,-,-,11774.46
,,,,,-,-,-,11693.65
,,,,,-,-,-,11575.38
,,,,,-,-,-,11605.54
,,,,,-,-,-,11460.43
,,,,,-,-,-,11592.88
,,,,,-,-,-,11656.31
,,,,,-,-,-,11658.96
,,,,,-,-,-,11626.98
,,,,,-,-,-,11747.79
,,,,,-,-,-,11781.12
,,,,,-,-,-,11713.52
,,,,,-,-,-,11606.24
,,,,,-,-,-,11612.4
,,,,,-,-,-,11595.53
,,,,,-,-,-,11670.27
,,,,,-,-,-,11779.9
,,,,,-,-,-,11846.88
,,,,,-,-,-,11886.02
,,,,,-,-,-,11757.4
,,,,,-,-,-,11759.67
,,,,,-,-,-,11672.61
,,,,,-,-,-,11653.97
,,,,,-,-,-,11727.07
,,,,,-,-,-,11664.99
,,,,,-,-,-,11721.53
,,,,,-,-,-,11843.87
,,,,,-,-,-,11850.71
,,,,,-,-,-,11847.35
,,,,,-,-,-,11841.72
,,,,,-,-,-,11793.05
,,,,,-,-,-,11720.54
,,,,,-,-,-,11713.06
,,,,,-,-,-,11756.28
,,,,,-,-,-,11792.56
,,,,,-,-,-,11824.84
,,,,,-,-,-,11817.59
,,,,,-,-,-,11711.01
,,,,,-,-,-,11819.9
,,,,,-,-,-,11852.87
,,,,,-,-,-,11958.68
,,,,,-,-,-,12053.25
,,,,,-,-,-,12036.54
,,,,,-,-,-,12084.91
,,,,,-,-,-,12011.87
,,,,,-,-,-,12007.63
,,,,,-,-,-,11919.32
,,,,,-,-,-,11990.01
,,,,,-,-,-,12083.22
,,,,,-,-,-,11988.72
,,,,,-,-,-,11961.48
,,,,,-,-,-,11902.96
,,,,,-,-,-,11979.79
,,,,,-,-,-,11912.84
,,,,,-,-,-,11785.65
,,,,,-,-,-,11702.49
,,,,,-,-,-,11816.32
,,,,,-,-,-,11839.65
,,,,,-,-,-,11995.8
,,,,,-,-,-,11827.06
,,,,,-,-,-,11828.41
,,,,,-,-,-,11870.55
,,,,,-,-,-,11910.95
,,,,,-,-,-,11907.24
,,,,,-,-,-,12130.93
,,,,,-,-,-,12100.83
,,,,,-,-,-,12098.79
,,,,,-,-,-,12232.15
,,,,,-,-,-,12260.08
,,,,,-,-,-,12359.49
,,,,,-,-,-,12409.92
,,,,,-,-,-,12451.16
,,,,,-,-,-,12507.41
,,,,,-,-,-,12493.78
,,,,,-,-,-,12528.11
,,,,,-,-,-,12561.74
,,,,,-,-,-,12549.99
,,,,,-,-,-,12677.6
,,,,,-,-,-,12720.59
,,,,,-,-,-,12718.88
,,,,,-,-,-,12692.38
,,,,,-,-,-,12652.84
,,,,,-,-,-,12654.4
,,,,,-,-,-,12647.98
,,,,,-,-,-,12607.94
,,,,,-,-,-,12679.14
,,,,,-,-,-,12714.56
,,,,,-,-,-,12682.98
,,,,,-,-,-,12719.54
,,,,,-,-,-,12755.79
,,,,,-,-,-,12714.78
,,,,,-,-,-,12602.45
,,,,,-,-,-,12494.32
,,,,,-,-,-,12549.04
,,,,,-,-,-,12485.55
,,,,,-,-,-,12524.23
,,,,,-,-,-,12617.63
,,,,,-,-,-,12658.04
,,,,,-,-,-,12629.18
,,,,,-,-,-,12651.97
,,,,,-,-,-,12605.12
,,,,,-,-,-,12520.19
,,,,,-,-,-,12679.29
,,,,,-,-,-,12624.22
,,,,,-,-,-,12350.03
,,,,,-,-,-,12392.97
,,,,,-,-,-,12487.1
,,,,,-,-,-,12434.44
,,,,,-,-,-,12362.53
,,,,,-,-,-,12242.04
,,,,,-,-,-,12181.57
,,,,,-,-,-,12160.11
,,,,,-,-,-,12175.05
,,,,,-,-,-,12050.58
,,,,,-,-,-,11989.07
,,,,,-,-,-,11970.5
,,,,,-,-,-,11960.25
,,,,,-,-,-,11941.97
,,,,,-,-,-,12034.12
,,,,,-,-,-,12173.14
,,,,,-,-,-,12186.16
,,,,,-,-,-,12226.05
,,,,,-,-,-,12285.92
,,,,,-,-,-,12602.11
,,,,,-,-,-,12644.27
,,,,,-,-,-,12573.59
,,,,,-,-,-,12495.95
,,,,,-,-,-,12566.8
,,,,,-,-,-,12562.72
,,,,,-,-,-,12536.05
,,,,,-,-,-,12518.62
,,,,,-,-,-,12485.23
,,,,,-,-,-,12378.63
,,,,,-,-,-,12540.43
,,,,,-,-,-,12641.67
,,,,,-,-,-,12670.82
,,,,,-,-,-,12684.33
,,,,,-,-,-,12610.09
,,,,,-,-,-,12654.31
,,,,,-,-,-,12732.45
,,,,,-,-,-,12756.65
,,,,,-,-,-,12712.11
,,,,,-,-,-,12719.02
,,,,,-,-,-,12664.17
,,,,,-,-,-,12682
,,,,,-,-,-,12560.64
,,,,,-,-,-,12480.56
,,,,,-,-,-,12524.04
,,,,,-,-,-,12492.88
,,,,,-,-,-,12439.67
,,,,,-,-,-,12542.59
,,,,,-,-,-,12631.46
,,,,,-,-,-,12604.16
,,,,,-,-,-,12518.96
,,,,,-,-,-,12436.61
,,,,,-,-,-,12403.74
,,,,,-,-,-,12412.53
,,,,,-,-,-,12442.87
,,,,,-,-,-,12598.21
,,,,,-,-,-,12615.24
,,,,,-,-,-,12494.34
,,,,,-,-,-,12491.09
,,,,,-,-,-,12486.39
,,,,,-,-,-,12535.83
,,,,,-,-,-,12474.78
,,,,,-,-,-,12272.11
,,,,,-,-,-,12136.89
,,,,,-,-,-,12319.86
,,,,,-,-,-,12272.84
,,,,,-,-,-,12445.44
,,,,,-,-,-,12495.92
,,,,,-,-,-,12487.01
,,,,,-,-,-,12459.91
,,,,,-,-,-,12306.75
,,,,,-,-,-,12274.56
,,,,,-,-,-,12356.66
,,,,,-,-,-,12357.18
,,,,,-,-,-,12395.49
,,,,,-,-,-,12436.04
,,,,,-,-,-,12395.92
,,,,,-,-,-,12578.22
,,,,,-,-,-,12558.71
,,,,,-,-,-,12555.74
,,,,,-,-,-,12412.82
,,,,,-,-,-,12520.37
,,,,,-,-,-,12436.8
,,,,,-,-,-,12557.45
,,,,,-,-,-,12390.01
,,,,,-,-,-,12280.64
,,,,,-,-,-,12279.34
,,,,,-,-,-,12352.42
,,,,,-,-,-,12360.83
,,,,,-,-,-,12218.57
,,,,,-,-,-,12096.73
,,,,,-,-,-,12007.99
,,,,,-,-,-,11550.62
,,,,,-,-,-,11538.03
,,,,,-,-,-,11607.07
,,,,,-,-,-,11645.83
,,,,,-,-,-,11799.56
,,,,,-,-,-,11825.19
,,,,,-,-,-,11924.41
,,,,,-,-,-,12091.5
,,,,,-,-,-,12044.65
,,,,,-,-,-,11862.13
,,,,,-,-,-,11696.91
,,,,,-,-,-,11862.19
,,,,,-,-,-,11532.28
,,,,,-,-,-,11555.33
,,,,,-,-,-,11751.59
,,,,,-,-,-,11880.04
,,,,,-,-,-,12196.48
,,,,,-,-,-,12240.6
,,,,,-,-,-,12235.68
,,,,,-,-,-,12481.35
,,,,,-,-,-,12604.84
,,,,,-,-,-,12536.62
,,,,,-,-,-,12375.65
,,,,,-,-,-,12710.14
,,,,,-,-,-,12825.31
,,,,,-,-,-,12991.37
,,,,,-,-,-,13085.1
,,,,,-,-,-,13117.92
,,,,,-,-,-,12916.44
,,,,,-,-,-,12881.89
,,,,,-,-,-,13073.81
,,,,,-,-,-,13250
,,,,,-,-,-,13110.52
,,,,,-,-,-,12889.37
,,,,,-,-,-,12805.05
,,,,,-,-,-,12990.08
,,,,,-,-,-,12988.11
,,,,,-,-,-,12833.72
,,,,,-,-,-,12783.06
,,,,,-,-,-,12782.58
,,,,,-,-,-,12755.91
,,,,,-,-,-,12722.58
,,,,,-,-,-,12584.87
,,,,,-,-,-,12533.09
,,,,,-,-,-,12455.95
,,,,,-,-,-,12314.95
,,,,,-,-,-,12139.02
,,,,,-,-,-,12057.85
,,,,,-,-,-,11870.89
,,,,,-,-,-,11808.42
,,,,,-,-,-,11887.79
,,,,,-,-,-,11973.34
,,,,,-,-,-,11968.3
,,,,,-,-,-,12037.47
,,,,,-,-,-,12023.55
,,,,,-,-,-,11862.28
,,,,,-,-,-,11779.86
,,,,,-,-,-,11745.52
,,,,,-,-,-,11701.02
,,,,,-,-,-,11630.97
,,,,,-,-,-,11489.02
,,,,,-,-,-,11479.83
,,,,,-,-,-,11448.74
,,,,,-,-,-,11261.62
,,,,,-,-,-,11167.49
,,,,,-,-,-,11132.09
,,,,,-,-,-,11214.57
,,,,,-,-,-,11298.78
,,,,,-,-,-,11214.62
,,,,,-,-,-,11402.71
,,,,,-,-,-,11464.33
,,,,,-,-,-,11525.02
,,,,,-,-,-,11522.45
,,,,,-,-,-,11458.81
,,,,,-,-,-,11358.83
,,,,,-,-,-,11415.56
,,,,,-,-,-,11524.43
,,,,,-,-,-,11416.89
,,,,,-,-,-,11256.19
,,,,,-,-,-,11298.73
,,,,,-,-,-,11134.96
,,,,,-,-,-,11325.57
,,,,,-,-,-,11412.89
,,,,,-,-,-,11444.44
,,,,,-,-,-,11497.17
,,,,,-,-,-,11482.28
,,,,,-,-,-,11598.16
,,,,,-,-,-,11562.29
,,,,,-,-,-,11620.89
,,,,,-,-,-,11630.54
,,,,,-,-,-,11522.45
,,,,,-,-,-,11403.61
,,,,,-,-,-,11467.65
,,,,,-,-,-,11323.96
,,,,,-,-,-,11299.2
,,,,,-,-,-,11070.52
,,,,,-,-,-,10929.08
,,,,,-,-,-,10834.95
,,,,,-,-,-,11128.61
,,,,,-,-,-,11200.04
,,,,,-,-,-,11274.24
,,,,,-,-,-,11309.88
,,,,,-,-,-,11381.74
,,,,,-,-,-,11385.77
,,,,,-,-,-,11301.67
,,,,,-,-,-,11184.88
,,,,,-,-,-,11130.16
,,,,,-,-,-,11145.2
,,,,,-,-,-,11128.84
,,,,,-,-,-,11382.17
,,,,,-,-,-,11513.48
,,,,,-,-,-,11526.99
,,,,,-,-,-,11498.22
,,,,,-,-,-,11509.1
,,,,,-,-,-,11616.7
,,,,,-,-,-,11590.25
,,,,,-,-,-,11676.91
,,,,,-,-,-,11723.98
,,,,,-,-,-,11724.76
,,,,,-,-,-,11764.4
,,,,,-,-,-,11777.77
,,,,,-,-,-,11905.27
,,,,,-,-,-,12027.7
,,,,,-,-,-,11906.57
,,,,,-,-,-,11854.6
,,,,,-,-,-,11830.93
,,,,,-,-,-,11929.2
,,,,,-,-,-,11837.59
,,,,,-,-,-,11763.65
,,,,,-,-,-,11736.24
,,,,,-,-,-,11597.79
,,,,,-,-,-,11645.93
,,,,,-,-,-,11623.35
,,,,,-,-,-,11574.43
,,,,,-,-,-,11480.64
,,,,,-,-,-,11521.79
,,,,,-,-,-,11543.13
,,,,,-,-,-,11510.53
,,,,,-,-,-,11495.2
,,,,,-,-,-,11484.18
,,,,,-,-,-,11359.99
,,,,,-,-,-,11477.72
,,,,,-,-,-,11382.53
,,,,,-,-,-,11283.43
,,,,,-,-,-,11372.11
,,,,,-,-,-,11180
,,,,,-,-,-,11133.97
,,,,,-,-,-,11259.23
,,,,,-,-,-,11322.27
,,,,,-,-,-,11315.04
,,,,,-,-,-,11351.71
,,,,,-,-,-,11498.77
,,,,,-,-,-,11636.72
,,,,,-,-,-,11552.52
,,,,,-,-,-,11498.33
,,,,,-,-,-,11412.02
,,,,,-,-,-,11366.01
,,,,,-,-,-,11412.47
,,,,,-,-,-,11380.38
,,,,,-,-,-,11587.76
,,,,,-,-,-,11663.66
,,,,,-,-,-,11764.03
,,,,,-,-,-,11848.32
,,,,,-,-,-,11797.76
,,,,,-,-,-,11861.82
,,,,,-,-,-,11853.25
,,,,,-,-,-,11800.45
,,,,,-,-,-,11640.48
,,,,,-,-,-,11601.87
,,,,,-,-,-,11654.69
,,,,,-,-,-,11755.55
,,,,,-,-,-,11820.08
,,,,,-,-,-,11941.12
,,,,,-,-,-,11916.76
,,,,,-,-,-,11751.41
,,,,,-,-,-,11795.11
,,,,,-,-,-,11642.91
,,,,,-,-,-,11516.74
,,,,,-,-,-,11734.91
,,,,,-,-,-,11752.48
,,,,,-,-,-,12083.09
,,,,,-,-,-,12033.48
,,,,,-,-,-,12179.1
,,,,,-,-,-,12279.38
,,,,,-,-,-,12277.56
,,,,,-,-,-,12328.76
,,,,,-,-,-,12374.86
,,,,,-,-,-,12267.94
,,,,,-,-,-,12125.47
,,,,,-,-,-,12000.02
,,,,,-,-,-,12155.99
,,,,,-,-,-,11996.92
,,,,,-,-,-,12128.4
,,,,,-,-,-,12065.91
,,,,,-,-,-,12120.9
,,,,,-,-,-,12023.41
,,,,,-,-,-,12008.43
,,,,,-,-,-,12108.8
,,,,,-,-,-,12015.81
,,,,,-,-,-,11942.9
,,,,,-,-,-,11873.67
,,,,,-,-,-,11828.45
,,,,,-,-,-,11949.82
,,,,,-,-,-,11931.57
,,,,,-,-,-,11968.21
,,,,,-,-,-,11930.25
,,,,,-,-,-,11805.2
,,,,,-,-,-,11789.74
,,,,,-,-,-,11790.68
,,,,,-,-,-,11597.31
,,,,,-,-,-,11559.92
,,,,,-,-,-,11422.14
,,,,,-,-,-,11478.49
,,,,,-,-,-,11438.76
,,,,,-,-,-,11335.16
,,,,,-,-,-,11438.81
,,,,,-,-,-,11436.72
,,,,,-,-,-,11394.1
,,,,,-,-,-,11247.97
,,,,,-,-,-,11151.71
,,,,,-,-,-,11212.11
,,,,,-,-,-,11188.49
,,,,,-,-,-,11023.22
,,,,,-,-,-,10953.1
,,,,,-,-,-,10907.84
,,,,,-,-,-,10913.63
,,,,,-,-,-,10891.21
,,,,,-,-,-,10908.15
,,,,,-,-,-,10871.45
,,,,,-,-,-,10838.22
,,,,,-,-,-,10862.88
,,,,,-,-,-,10808.02
,,,,,-,-,-,10687.32
,,,,,-,-,-,10513.68
,,,,,-,-,-,10511.54
,,,,,-,-,-,10524.62
,,,,,-,-,-,10514.84
,,,,,-,-,-,10607.77
,,,,,-,-,-,10585.18
,,,,,-,-,-,10574.56
,,,,,-,-,-,10617.38
,,,,,-,-,-,10785.72
,,,,,-,-,-,10751.68
,,,,,-,-,-,10756.29
,,,,,-,-,-,10401.11
,,,,,-,-,-,10295.85
,,,,,-,-,-,10306.67
,,,,,-,-,-,10194.67
,,,,,-,-,-,10153.36
,,,,,-,-,-,10139.09
,,,,,-,-,-,10153.13
,,,,,-,-,-,10165.77
,,,,,-,-,-,10240.4
,,,,,-,-,-,10250.99
,,,,,-,-,-,10270.89
,,,,,-,-,-,10275.38
,,,,,-,-,-,10227.2
,,,,,-,-,-,10265.25
,,,,,-,-,-,10167.05
,,,,,-,-,-,10252.32
,,,,,-,-,-,10151.37
,,,,,-,-,-,10150.67
,,,,,-,-,-,10081.09
,,,,,-,-,-,10041.7
,,,,,-,-,-,9788.84
,,,,,-,-,-,9742.74
,,,,,-,-,-,9662.19
,,,,,-,-,-,9640.48
,,,,,-,-,-,9816.9
,,,,,-,-,-,9740.44
,,,,,-,-,-,9899.5
,,,,,-,-,-,10145.9
,,,,,-,-,-,10022.71
,,,,,-,-,-,10041.38
,,,,,-,-,-,10078.98
,,,,,-,-,-,10049.76
,,,,,-,-,-,9986.07
,,,,,-,-,-,9916.46
,,,,,-,-,-,9896.85
,,,,,-,-,-,9830.47
,,,,,-,-,-,9766.01
,,,,,-,-,-,9761.7
,,,,,-,-,-,9720.92
,,,,,-,-,-,9792.7
,,,,,-,-,-,9730.02
,,,,,-,-,-,9767.54
,,,,,-,-,-,9728.96
,,,,,-,-,-,9754.76
,,,,,-,-,-,9685.34
,,,,,-,-,-,9820.08
,,,,,-,-,-,9806.37
,,,,,-,-,-,9745.08
,,,,,-,-,-,9661.36
,,,,,-,-,-,9609.99
,,,,,-,-,-,9708.19
,,,,,-,-,-,9813.41
,,,,,-,-,-,9853.01
,,,,,-,-,-,9822.56
,,,,,-,-,-,9702.85
,,,,,-,-,-,9696.13
,,,,,-,-,-,10076.99
,,,,,-,-,-,10424.28
,,,,,-,-,-,10620.38
,,,,,-,-,-,10515.72
,,,,,-,-,-,10607.06
,,,,,-,-,-,10691.36
,,,,,-,-,-,10650.3
,,,,,-,-,-,10690.5
,,,,,-,-,-,10773.68
,,,,,-,-,-,10848.67
,,,,,-,-,-,10917.75
,,,,,-,-,-,10870.25
,,,,,-,-,-,10859.53
,,,,,-,-,-,10815.84
,,,,,-,-,-,10786.78
,,,,,-,-,-,10794.35
,,,,,-,-,-,10669.2
,,,,,-,-,-,10688.56
,,,,,-,-,-,10753.06
,,,,,-,-,-,10628.32
,,,,,-,-,-,10584.49
,,,,,-,-,-,10460.18
,,,,,-,-,-,10499.39
,,,,,-,-,-,10501.05
,,,,,-,-,-,10493.08
,,,,,-,-,-,10513.5
,,,,,-,-,-,10439.79
,,,,,-,-,-,10503.68
,,,,,-,-,-,10461.36
,,,,,-,-,-,10369.83
,,,,,-,-,-,10314.96
,,,,,-,-,-,10280
,,,,,-,-,-,10353.62
,,,,,-,-,-,10501.08
,,,,,-,-,-,10540.06
,,,,,-,-,-,10519.86
,,,,,-,-,-,10457.09
,,,,,-,-,-,10568.7
,,,,,-,-,-,10644.45
,,,,,-,-,-,10665.6
,,,,,-,-,-,10701.82
,,,,,-,-,-,10743.09
,,,,,-,-,-,10826.3
,,,,,-,-,-,10761.55
,,,,,-,-,-,10667.55
,,,,,-,-,-,10617.33
,,,,,-,-,-,10662.17
,,,,,-,-,-,10636.33
,,,,,-,-,-,10608.54
,,,,,-,-,-,10435.27
,,,,,-,-,-,10352.01
,,,,,-,-,-,10177.8
,,,,,-,-,-,10351.25
,,,,,-,-,-,10284.61
,,,,,-,-,-,10253.39
,,,,,-,-,-,10397.05
,,,,,-,-,-,10590.32
,,,,,-,-,-,10718.63
,,,,,-,-,-,10783.75
,,,,,-,-,-,10954.25
,,,,,-,-,-,11015.99
,,,,,-,-,-,10943.36
,,,,,-,-,-,10868.74
,,,,,-,-,-,10970.98
,,,,,-,-,-,10928.5
,,,,,-,-,-,10876.51
,,,,,-,-,-,10856.97
,,,,,-,-,-,10860.88
,,,,,-,-,-,10905.55
,,,,,-,-,-,10909.98
,,,,,-,-,-,11096.33
,,,,,-,-,-,11145.51
,,,,,-,-,-,11106.57
,,,,,-,-,-,11133.76
,,,,,-,-,-,11207.33
,,,,,-,-,-,11121.14
,,,,,-,-,-,11235.61
,,,,,-,-,-,11313.71
,,,,,-,-,-,11272.97
,,,,,-,-,-,11309.51
,,,,,-,-,-,11416.87
,,,,,-,-,-,11291.8
,,,,,-,-,-,11300.93
,,,,,-,-,-,11264.7
,,,,,-,-,-,11228.36
,,,,,-,-,-,11259.12
,,,,,-,-,-,11324.91
,,,,,-,-,-,11416.55
,,,,,-,-,-,11340.56
,,,,,-,-,-,11195.22
,,,,,-,-,-,11119.77
,,,,,-,-,-,11079.59
,,,,,-,-,-,11088.33
,,,,,-,-,-,11005.85
,,,,,-,-,-,11060.42
,,,,,-,-,-,11049.93
,,,,,-,-,-,11017.1
,,,,,-,-,-,11065.57
,,,,,-,-,-,11030.47
,,,,,-,-,-,10953.69
,,,,,-,-,-,10929.4
,,,,,-,-,-,10893.89
,,,,,-,-,-,10902.21
,,,,,-,-,-,10710.32
,,,,,-,-,-,10738.62
,,,,,-,-,-,10747.67
,,,,,-,-,-,10696.83
,,,,,-,-,-,10745.18
,,,,,-,-,-,10744.82
,,,,,-,-,-,10672.4
,,,,,-,-,-,10886.89
,,,,,-,-,-,10892.05
,,,,,-,-,-,10946.88
,,,,,-,-,-,10831.54
,,,,,-,-,-,10764.36
,,,,,-,-,-,10891.82
,,,,,-,-,-,10870.89
,,,,,-,-,-,10685.42
,,,,,-,-,-,10635.44
,,,,,-,-,-,10438.35
,,,,,-,-,-,10622.11
,,,,,-,-,-,10669.34
,,,,,-,-,-,10743.02
,,,,,-,-,-,10761.48
,,,,,-,-,-,10725.97
,,,,,-,-,-,10782.1
,,,,,-,-,-,10786.15
,,,,,-,-,-,10646.63
,,,,,-,-,-,10425.05
,,,,,-,-,-,10286.68
,,,,,-,-,-,10302.79
,,,,,-,-,-,10385.11
,,,,,-,-,-,10453.22
,,,,,-,-,-,10463.26
,,,,,-,-,-,10431.75
,,,,,-,-,-,10348.28
,,,,,-,-,-,10328.42
,,,,,-,-,-,10458.13
,,,,,-,-,-,10453.5
,,,,,-,-,-,10469.54
,,,,,-,-,-,10472.64
,,,,,-,-,-,10424.2
,,,,,-,-,-,10459.9
,,,,,-,-,-,10555.3
,,,,,-,-,-,10509.9
,,,,,-,-,-,10474.63
,,,,,-,-,-,10360.75
,,,,,-,-,-,10289.01
,,,,,-,-,-,10249.28
,,,,,-,-,-,10121.14
,,,,,-,-,-,10107.76
,,,,,-,-,-,10061.47
,,,,,-,-,-,10044.42
,,,,,-,-,-,9945.59
,,,,,-,-,-,9824.11
,,,,,-,-,-,9695.56
,,,,,-,-,-,9938.74
,,,,,-,-,-,9991.98
,,,,,-,-,-,10125.6
,,,,,-,-,-,10075.6
,,,,,-,-,-,10178.02
,,,,,-,-,-,10293.27
,,,,,-,-,-,10229.5
,,,,,-,-,-,10191.76
,,,,,-,-,-,10243.22
,,,,,-,-,-,10261.9
,,,,,-,-,-,10333.2
,,,,,-,-,-,10255.21
,,,,,-,-,-,10214.39
,,,,,-,-,-,10309.01
,,,,,-,-,-,10304.86
,,,,,-,-,-,10289.22
,,,,,-,-,-,10408.03
,,,,,-,-,-,10448.45
,,,,,-,-,-,10316.19
,,,,,-,-,-,10265.63
,,,,,-,-,-,10176.66
,,,,,-,-,-,10029.38
,,,,,-,-,-,10042.52
,,,,,-,-,-,9836.41
,,,,,-,-,-,9710.85
,,,,,-,-,-,9979.98
,,,,,-,-,-,9910.03
,,,,,-,-,-,9869.25
,,,,,-,-,-,9879.66
,,,,,-,-,-,10141.75
,,,,,-,-,-,10410.15
,,,,,-,-,-,10202.88
,,,,,-,-,-,10185.63
,,,,,-,-,-,10259.3
,,,,,-,-,-,10094.62
,,,,,-,-,-,10417.24
,,,,,-,-,-,10456.54
,,,,,-,-,-,10643.32
,,,,,-,-,-,10680.27
,,,,,-,-,-,10621.1
,,,,,-,-,-,10365.88
,,,,,-,-,-,10439.18
,,,,,-,-,-,10584.79
,,,,,-,-,-,10645.7
,,,,,-,-,-,10652.91
,,,,,-,-,-,10561.96
,,,,,-,-,-,10590.01
,,,,,-,-,-,10502.7
,,,,,-,-,-,10351.32
,,,,,-,-,-,10400.7
,,,,,-,-,-,10322.76
,,,,,-,-,-,10398.18
,,,,,-,-,-,10360.93
,,,,,-,-,-,10414.83
,,,,,-,-,-,10487.1
,,,,,-,-,-,10487.7
,,,,,-,-,-,10518
,,,,,-,-,-,10230.49
,,,,,-,-,-,10140.16
,,,,,-,-,-,10555.57
,,,,,-,-,-,10532.88
,,,,,-,-,-,10529.53
,,,,,-,-,-,10518.32
,,,,,-,-,-,10536.75
,,,,,-,-,-,10447.62
,,,,,-,-,-,10455.69
,,,,,-,-,-,10442.39
,,,,,-,-,-,10464.17
,,,,,-,-,-,10381.88
,,,,,-,-,-,10253.11
,,,,,-,-,-,10155.65
,,,,,-,-,-,10345.63
,,,,,-,-,-,10419.34
,,,,,-,-,-,10282.48
,,,,,-,-,-,10268.27
,,,,,-,-,-,10096.54
,,,,,-,-,-,10096.66
,,,,,-,-,-,10152.96
,,,,,-,-,-,10201.9
,,,,,-,-,-,10090.25
,,,,,-,-,-,10110.23
,,,,,-,-,-,10248.5
,,,,,-,-,-,10272.46
,,,,,-,-,-,10182.31
,,,,,-,-,-,10242.38
,,,,,-,-,-,10218.65
,,,,,-,-,-,10147.78
,,,,,-,-,-,9964.83
,,,,,-,-,-,9865.48
,,,,,-,-,-,9818.95
,,,,,-,-,-,9756.05
,,,,,-,-,-,9701.85
,,,,,-,-,-,9760.72
,,,,,-,-,-,9735.17
,,,,,-,-,-,9758.89
,,,,,-,-,-,9692.5
,,,,,-,-,-,9640.86
,,,,,-,-,-,9645.35
,,,,,-,-,-,9677.84
,,,,,-,-,-,9740.67
,,,,,-,-,-,9691.38
,,,,,-,-,-,9606.12
,,,,,-,-,-,9514.52
,,,,,-,-,-,9583.74
,,,,,-,-,-,9525.22
,,,,,-,-,-,9442.04
,,,,,-,-,-,9556.34
,,,,,-,-,-,9267.32
,,,,,-,-,-,9209.89
,,,,,-,-,-,9252.18
,,,,,-,-,-,9271.29
,,,,,-,-,-,9253.16
,,,,,-,-,-,9295.97
,,,,,-,-,-,9377.54
,,,,,-,-,-,9246.88
,,,,,-,-,-,9262.16
,,,,,-,-,-,9262.74
,,,,,-,-,-,9246.36
,,,,,-,-,-,9168.92
,,,,,-,-,-,9022.72
,,,,,-,-,-,8932.37
,,,,,-,-,-,8842.4
,,,,,-,-,-,8819.46
,,,,,-,-,-,8665.06
,,,,,-,-,-,8664.26
,,,,,-,-,-,8653.09
,,,,,-,-,-,8672.09
,,,,,-,-,-,8648.68
,,,,,-,-,-,8647.16
,,,,,-,-,-,8685.33
,,,,,-,-,-,8717.88
,,,,,-,-,-,8726.97
,,,,,-,-,-,8675.58
,,,,,-,-,-,8705.65
,,,,,-,-,-,8679.72
,,,,,-,-,-,8753.85
,,,,,-,-,-,8783.36
,,,,,-,-,-,8765.97
,,,,,-,-,-,8753.12
,,,,,-,-,-,8732.98
,,,,,-,-,-,8705.08
,,,,,-,-,-,8730.51
,,,,,-,-,-,8671.93
,,,,,-,-,-,8664.41
,,,,,-,-,-,8539.19
,,,,,-,-,-,8509.81
,,,,,-,-,-,8477.19
,,,,,-,-,-,8546.83
,,,,,-,-,-,8603.61
,,,,,-,-,-,8689.92
,,,,,-,-,-,8735.33
,,,,,-,-,-,8674.35
,,,,,-,-,-,8628.74
,,,,,-,-,-,8606.59
,,,,,-,-,-,8528.58
,,,,,-,-,-,8528.61
,,,,,-,-,-,8541.4
,,,,,-,-,-,8511.13
,,,,,-,-,-,8423.54
,,,,,-,-,-,8463.07
,,,,,-,-,-,8478.7
,,,,,-,-,-,8522.62
,,,,,-,-,-,8519.6
,,,,,-,-,-,8519.49
,,,,,-,-,-,8485.08
,,,,,-,-,-,8508.37
,,,,,-,-,-,8450.79
,,,,,-,-,-,8354.15
,,,,,-,-,-,8350.61
,,,,,-,-,-,8341.37
,,,,,-,-,-,8318.7
,,,,,-,-,-,8346.57
,,,,,-,-,-,8309.09
,,,,,-,-,-,8228.8
,,,,,-,-,-,8127.41
,,,,,-,-,-,8102.67
,,,,,-,-,-,8170.85
,,,,,-,-,-,8146.01
,,,,,-,-,-,8142.49
,,,,,-,-,-,8163.5
,,,,,-,-,-,8134.84
,,,,,-,-,-,8121.61
,,,,,-,-,-,8045.3
,,,,,-,-,-,7938.56
,,,,,-,-,-,8062.5
,,,,,-,-,-,8181.63
,,,,,-,-,-,8127.65
,,,,,-,-,-,8053.85
,,,,,-,-,-,7970.72
,,,,,-,-,-,7908.1
,,,,,-,-,-,7962.49
,,,,,-,-,-,8005.32
,,,,,-,-,-,8117.43
,,,,,-,-,-,8110.79
,,,,,-,-,-,8085.55
,,,,,-,-,-,8144.17
,,,,,-,-,-,8124.26
,,,,,-,-,-,8069.91
,,,,,-,-,-,8007.25
,,,,,-,-,-,7863.79
,,,,,-,-,-,7628.6
,,,,,-,-,-,7466.68
,,,,,-,-,-,7415.08
,,,,,-,-,-,7477.69
,,,,,-,-,-,7585.58
,,,,,-,-,-,7655.01
,,,,,-,-,-,7772.96
,,,,,-,-,-,7765.43
,,,,,-,-,-,7712.34
,,,,,-,-,-,7603.42
,,,,,-,-,-,7566.93
,,,,,-,-,-,7801.04
,,,,,-,-,-,7602.69
,,,,,-,-,-,7738.85
,,,,,-,-,-,8005.5
,,,,,-,-,-,8118.25
,,,,,-,-,-,8272.61
,,,,,-,-,-,8298.36
,,,,,-,-,-,8157.9
,,,,,-,-,-,8313.75
,,,,,-,-,-,8466.02
,,,,,-,-,-,8630.79
,,,,,-,-,-,8642.99
,,,,,-,-,-,8487
,,,,,-,-,-,8525.68
,,,,,-,-,-,8495.7
,,,,,-,-,-,8374.23
,,,,,-,-,-,8162.96
,,,,,-,-,-,8075.8
,,,,,-,-,-,8197.64
,,,,,-,-,-,7992.93
,,,,,-,-,-,8322.88
,,,,,-,-,-,8768.47
,,,,,-,-,-,8862.18
,,,,,-,-,-,9069.63
,,,,,-,-,-,9096.61
,,,,,-,-,-,9215.05
,,,,,-,-,-,9138.33
,,,,,-,-,-,9374.12
,,,,,-,-,-,9392.26
,,,,,-,-,-,9392.11
,,,,,-,-,-,9525.81
,,,,,-,-,-,9461.96
,,,,,-,-,-,9463.42
,,,,,-,-,-,9465.2
,,,,,-,-,-,9455.35
,,,,,-,-,-,9416.23
,,,,,-,-,-,9391.88
,,,,,-,-,-,9348.43
,,,,,-,-,-,9354.95
,,,,,-,-,-,9294.34
,,,,,-,-,-,9320.33
,,,,,-,-,-,9175.74
,,,,,-,-,-,9225.12
,,,,,-,-,-,9181.71
,,,,,-,-,-,9189.52
,,,,,-,-,-,9248.09
,,,,,-,-,-,9167.31
,,,,,-,-,-,9350.26
,,,,,-,-,-,9444.38
,,,,,-,-,-,9431.31
,,,,,-,-,-,9449.07
,,,,,-,-,-,9526.18
,,,,,-,-,-,9552.87
,,,,,-,-,-,9403.55
,,,,,-,-,-,9422.08
,,,,,-,-,-,9453.75
,,,,,-,-,-,9438.67
,,,,,-,-,-,9449.1
,,,,,-,-,-,9378.69
,,,,,-,-,-,9400.59
,,,,,-,-,-,9325.48
,,,,,-,-,-,9372.03
,,,,,-,-,-,9251.2
,,,,,-,-,-,9290.19
,,,,,-,-,-,9391.74
,,,,,-,-,-,9267.93
,,,,,-,-,-,9347.13
,,,,,-,-,-,9267.72
,,,,,-,-,-,9337.07
,,,,,-,-,-,9499.62
,,,,,-,-,-,9548.18
,,,,,-,-,-,9502.76
,,,,,-,-,-,9437.73
,,,,,-,-,-,9557.56
,,,,,-,-,-,9580.75
,,,,,-,-,-,9586.06
,,,,,-,-,-,9577.98
,,,,,-,-,-,9587.87
,,,,,-,-,-,9572.14
,,,,,-,-,-,9519.13
,,,,,-,-,-,9495.5
,,,,,-,-,-,9421.1
,,,,,-,-,-,9348.97
,,,,,-,-,-,9384.72
,,,,,-,-,-,9318.73
,,,,,-,-,-,9324.5
,,,,,-,-,-,9340.58
,,,,,-,-,-,9330.68
,,,,,-,-,-,9423.43
,,,,,-,-,-,9478.78
,,,,,-,-,-,9406.57
,,,,,-,-,-,9236.74
,,,,,-,-,-,9175.32
,,,,,-,-,-,8959.47
,,,,,-,-,-,9047.15
,,,,,-,-,-,9032.97
,,,,,-,-,-,8954.28
,,,,,-,-,-,8847.02
,,,,,-,-,-,8913.76
,,,,,-,-,-,8772.85
,,,,,-,-,-,8694.15
,,,,,-,-,-,8758.32
,,,,,-,-,-,8742.83
,,,,,-,-,-,8621.3
,,,,,-,-,-,8579.2
,,,,,-,-,-,8538.94
,,,,,-,-,-,8455.97
,,,,,-,-,-,8444.97
,,,,,-,-,-,8751.65
,,,,,-,-,-,9020.65
,,,,,-,-,-,8937.85
,,,,,-,-,-,8963.77
,,,,,-,-,-,9093.4
,,,,,-,-,-,8989.12
,,,,,-,-,-,8912.45
,,,,,-,-,-,8706.33
,,,,,-,-,-,8720.97
,,,,,-,-,-,8586.4
,,,,,-,-,-,9540.58
,,,,,-,-,-,9485.21
,,,,,-,-,-,9645.09
,,,,,-,-,-,9462.1
,,,,,-,-,-,9412.41
,,,,,-,-,-,9381.8
,,,,,-,-,-,9183.11
,,,,,-,-,-,9184.89
,,,,,-,-,-,9258.95
,,,,,-,-,-,9269.16
,,,,,-,-,-,9323.46
,,,,,-,-,-,9329.96
,,,,,-,-,-,9241.32
,,,,,-,-,-,9075.07
,,,,,-,-,-,8992.14
,,,,,-,-,-,8985.1
,,,,,-,-,-,8901.64
,,,,,-,-,-,8877.29
,,,,,-,-,-,8767.5
,,,,,-,-,-,8755.27
,,,,,-,-,-,8765.82
,,,,,-,-,-,8795.76
,,,,,-,-,-,8812.35
,,,,,-,-,-,8749.96
,,,,,-,-,-,8972.45
,,,,,-,-,-,8963.33
,,,,,-,-,-,8902.87
,,,,,-,-,-,8802.84
,,,,,-,-,-,8732.38
,,,,,-,-,-,8671.28
,,,,,-,-,-,8569.23
,,,,,-,-,-,8517.84
,,,,,-,-,-,8539.49
,,,,,-,-,-,8592.93
,,,,,-,-,-,8520.24
,,,,,-,-,-,8392.86
,,,,,-,-,-,8390.48
,,,,,-,-,-,8360.44
,,,,,-,-,-,8271.95
,,,,,-,-,-,8177.87
,,,,,-,-,-,8301.21
,,,,,-,-,-,8344.35
,,,,,-,-,-,8323.29
,,,,,-,-,-,8290.18
,,,,,-,-,-,8290.94
,,,,,-,-,-,8244.92
,,,,,-,-,-,8212.95
,,,,,-,-,-,8048.71
,,,,,-,-,-,7932.91
,,,,,-,-,-,7916.46
,,,,,-,-,-,7885.26
,,,,,-,-,-,7924.77
,,,,,-,-,-,8046.23
,,,,,-,-,-,7928.22
,,,,,-,-,-,7924.22
,,,,,-,-,-,8052.1
,,,,,-,-,-,7990.8
,,,,,-,-,-,7970.08
,,,,,-,-,-,8138.17
,,,,,-,-,-,8282.79
,,,,,-,-,-,8286.24
,,,,,-,-,-,8211.61
,,,,,-,-,-,8277.09
,,,,,-,-,-,8242.47
,,,,,-,-,-,8213.43
,,,,,-,-,-,8234.15
,,,,,-,-,-,8240.39
,,,,,-,-,-,8199.85
,,,,,-,-,-,8209.18
,,,,,-,-,-,8117.74
,,,,,-,-,-,8000.77
,,,,,-,-,-,7895.7
,,,,,-,-,-,7823.44
,,,,,-,-,-,7707.7
,,,,,-,-,-,7851.88
,,,,,-,-,-,7746.48
,,,,,-,-,-,7646.67
,,,,,-,-,-,7761.24
,,,,,-,-,-,8040.64
,,,,,-,-,-,7939.3
,,,,,-,-,-,7752.86
,,,,,-,-,-,7739.56
,,,,,-,-,-,7662.86
,,,,,-,-,-,7549.78
,,,,,-,-,-,7950.68
,,,,,-,-,-,8180.67
,,,,,-,-,-,8208.87
,,,,,-,-,-,8123.77
,,,,,-,-,-,8214.18
,,,,,-,-,-,8399.34
,,,,,-,-,-,8569.94
,,,,,-,-,-,8604.75
,,,,,-,-,-,8656.56
,,,,,-,-,-,8556.91
,,,,,-,-,-,8544.39
,,,,,-,-,-,8654.67
,,,,,-,-,-,8570.78
,,,,,-,-,-,8465.4
,,,,,-,-,-,8267.5
,,,,,-,-,-,8122.74
,,,,,-,-,-,8032.94
,,,,,-,-,-,7878.85
,,,,,-,-,-,7851.65
,,,,,-,-,-,7974.28
,,,,,-,-,-,8009.3
,,,,,-,-,-,7944.96
,,,,,-,-,-,7961.45
,,,,,-,-,-,8246.99
,,,,,-,-,-,8246.79
,,,,,-,-,-,8212.46
,,,,,-,-,-,8029.48
,,,,,-,-,-,7992.98
,,,,,-,-,-,8053.42
,,,,,-,-,-,7887.8
,,,,,-,-,-,7857.09
,,,,,-,-,-,7772.66
,,,,,-,-,-,7747.95
,,,,,-,-,-,7539.98
,,,,,-,-,-,7571.09
,,,,,-,-,-,7466.94
,,,,,-,-,-,7357.31
,,,,,-,-,-,7329.16
,,,,,-,-,-,7250.39
,,,,,-,-,-,7335.67
,,,,,-,-,-,7365.02
,,,,,-,-,-,7395.78
,,,,,-,-,-,7348.66
,,,,,-,-,-,7385.67
,,,,,-,-,-,7444.54
,,,,,-,-,-,7372.58
,,,,,-,-,-,7394.96
,,,,,-,-,-,7268.17
,,,,,-,-,-,7174.76
,,,,,-,-,-,7036.23
,,,,,-,-,-,6973.55
,,,,,-,-,-,6924.98
,,,,,-,-,-,7028.48
,,,,,-,-,-,7085.15
,,,,,-,-,-,7113.32
,,,,,-,-,-,7152.59
,,,,,-,-,-,7076.45
,,,,,-,-,-,7109.55
,,,,,-,-,-,7215.94
,,,,,-,-,-,7132.05
,,,,,-,-,-,7071.72
,,,,,-,-,-,7127.22
,,,,,-,-,-,7048.38
,,,,,-,-,-,7064.44
,,,,,-,-,-,7026.01
,,,,,-,-,-,6954.93
,,,,,-,-,-,6968.05
,,,,,-,-,-,6965.9
,,,,,-,-,-,7007.61
,,,,,-,-,-,7000.93
,,,,,-,-,-,7028
,,,,,-,-,-,6974.25
,,,,,-,-,-,6876.69
,,,,,-,-,-,6879.33
,,,,,-,-,-,7045.49
,,,,,-,-,-,7033.68
,,,,,-,-,-,6967.94
,,,,,-,-,-,6924.38
,,,,,-,-,-,6801.48
,,,,,-,-,-,6754.9
,,,,,-,-,-,6704.42
,,,,,-,-,-,6648.19
,,,,,-,-,-,6624.13
,,,,,-,-,-,6638.93
,,,,,-,-,-,6590.63
,,,,,-,-,-,6616.44
,,,,,-,-,-,6501.61
,,,,,-,-,-,6577.39
,,,,,-,-,-,6810.33
,,,,,-,-,-,6819.13
,,,,,-,-,-,6808.85
,,,,,-,-,-,6819.34
,,,,,-,-,-,6724.65
,,,,,-,-,-,6848.86
,,,,,-,-,-,6902.22
,,,,,-,-,-,6947.85
,,,,,-,-,-,6892.07
,,,,,-,-,-,6752.23
,,,,,-,-,-,6596.29
,,,,,-,-,-,6532.76
,,,,,-,-,-,6507.25
,,,,,-,-,-,6435.61
,,,,,-,-,-,6429.7
,,,,,-,-,-,6493.62
,,,,,-,-,-,6498.89
,,,,,-,-,-,6521.96
,,,,,-,-,-,6503
,,,,,-,-,-,6429.18
,,,,,-,-,-,6376.19
,,,,,-,-,-,6342.22
,,,,,-,-,-,6376.51
,,,,,-,-,-,6423.38
,,,,,-,-,-,6349.12
,,,,,-,-,-,6306.27
,,,,,-,-,-,6301.14
,,,,,-,-,-,6270.26
,,,,,-,-,-,6351.51
,,,,,-,-,-,6282.71
,,,,,-,-,-,6241.59
,,,,,-,-,-,6201.21
,,,,,-,-,-,6196.37
,,,,,-,-,-,6184.47
,,,,,-,-,-,6155.82
,,,,,-,-,-,6065.96
,,,,,-,-,-,5991.81
,,,,,-,-,-,5943.83
,,,,,-,-,-,5934.22
,,,,,-,-,-,5934.64
,,,,,-,-,-,6124.53
,,,,,-,-,-,6135.24
,,,,,-,-,-,6128.51
,,,,,-,-,-,6198.71
,,,,,-,-,-,6127.69
,,,,,-,-,-,6260.97
,,,,,-,-,-,6322.01
,,,,,-,-,-,6325.06
,,,,,-,-,-,6305.16
,,,,,-,-,-,6157.4
,,,,,-,-,-,6159.08
,,,,,-,-,-,6309.79
,,,,,-,-,-,6312.89
,,,,,-,-,-,6361.84
,,,,,-,-,-,6345.49
,,,,,-,-,-,6341.48
,,,,,-,-,-,6264.96
,,,,,-,-,-,6255.56
,,,,,-,-,-,6443.92
,,,,,-,-,-,6414.17
,,,,,-,-,-,6343.13
,,,,,-,-,-,6344.7
,,,,,-,-,-,6333.59
,,,,,-,-,-,6262.76
,,,,,-,-,-,6173.18
,,,,,-,-,-,6044.39
,,,,,-,-,-,6043.24
,,,,,-,-,-,5940.49
,,,,,-,-,-,5919.46
,,,,,-,-,-,5877.96
,,,,,-,-,-,5912.6
,,,,,-,-,-,5876.42
,,,,,-,-,-,5867.93
,,,,,-,-,-,5876.44
,,,,,-,-,-,5896.86
,,,,,-,-,-,5834.81
,,,,,-,-,-,5700.58
,,,,,-,-,-,5677.18
,,,,,-,-,-,5587.66
,,,,,-,-,-,5557.86
,,,,,-,-,-,5601.89
,,,,,-,-,-,5612.41
,,,,,-,-,-,5507.83
,,,,,-,-,-,5556.64
,,,,,-,-,-,5594.44
,,,,,-,-,-,5582.49
,,,,,-,-,-,5549.68
,,,,,-,-,-,5512.99
,,,,,-,-,-,5525.56
,,,,,-,-,-,5481.13
,,,,,-,-,-,5422.74
,,,,,-,-,-,5472.57
,,,,,-,-,-,5559.53
,,,,,-,-,-,5637.42
,,,,,-,-,-,5638.97
,,,,,-,-,-,5578.58
,,,,,-,-,-,5552.35
,,,,,-,-,-,5598.49
,,,,,-,-,-,5554.56
,,,,,-,-,-,5466.51
,,,,,-,-,-,5399.82
,,,,,-,-,-,5477.9
,,,,,-,-,-,5483.73
,,,,,-,-,-,5510.26
,,,,,-,-,-,5670.77
,,,,,-,-,-,5816.59
,,,,,-,-,-,5790.6
,,,,,-,-,-,5790.25
,,,,,-,-,-,5736.52
,,,,,-,-,-,5661.77
,,,,,-,-,-,5662.7
,,,,,-,-,-,5602.12
,,,,,-,-,-,5578.13
,,,,,-,-,-,5560.31
,,,,,-,-,-,5519.68
,,,,,-,-,-,5510.69
,,,,,-,-,-,5460.4
,,,,,-,-,-,5459.07
,,,,,-,-,-,5474.86
,,,,,-,-,-,5487.95
,,,,,-,-,-,5483.09
,,,,,-,-,-,5411.23
,,,,,-,-,-,5481.65
,,,,,-,-,-,5375.41
,,,,,-,-,-,5384.29
,,,,,-,-,-,5249.18
,,,,,-,-,-,5226.69
,,,,,-,-,-,5145.4
,,,,,-,-,-,5102.09
,,,,,-,-,-,5093.13
,,,,,-,-,-,5092.83
,,,,,-,-,-,5064.08
,,,,,-,-,-,4954.79
,,,,,-,-,-,4968.54
,,,,,-,-,-,4966.78
,,,,,-,-,-,4929.64
,,,,,-,-,-,4997.23
,,,,,-,-,-,5010.33
,,,,,-,-,-,4987.51
,,,,,-,-,-,4898.04
,,,,,-,-,-,4795.18
,,,,,-,-,-,4913.82
,,,,,-,-,-,4964.19
,,,,,-,-,-,5028.22
,,,,,-,-,-,5008.26
,,,,,-,-,-,4963.46
,,,,,-,-,-,5000.75
,,,,,-,-,-,5047.15
,,,,,-,-,-,5025.87
,,,,,-,-,-,5007.19
,,,,,-,-,-,4967.42
,,,,,-,-,-,4989.14
,,,,,-,-,-,4931.32
,,,,,-,-,-,5006.16
,,,,,-,-,-,4973.91
,,,,,-,-,-,4918.61
,,,,,-,-,-,4883.48
,,,,,-,-,-,4831.09
,,,,,-,-,-,4843.62
,,,,,-,-,-,4766.62
,,,,,-,-,-,4734.95
,,,,,-,-,-,4777.77
,,,,,-,-,-,4780.33
,,,,,-,-,-,4730.05
,,,,,-,-,-,4746.11
,,,,,-,-,-,4713.56
,,,,,-,-,-,4729.52
,,,,,-,-,-,4736.52
,,,,,-,-,-,4733.6
,,,,,-,-,-,4591.99
,,,,,-,-,-,4582.92
,,,,,-,-,-,4553.54
,,,,,-,-,-,4547.57
,,,,,-,-,-,4529.2
,,,,,-,-,-,4528.02
,,,,,-,-,-,4512.51
,,,,,-,-,-,4555.44
,,,,,-,-,-,4554.93
,,,,,-,-,-,4486.35
,,,,,-,-,-,4471.61
,,,,,-,-,-,4469.72
,,,,,-,-,-,4426.74
,,,,,-,-,-,4408.26
,,,,,-,-,-,4400.88
,,,,,-,-,-,4385.06
,,,,,-,-,-,4440.42
,,,,,-,-,-,4482.52
,,,,,-,-,-,4583.64
,,,,,-,-,-,4609.32
,,,,,-,-,-,4588.68
,,,,,-,-,-,4566.27
,,,,,-,-,-,4563.55
,,,,,-,-,-,4482.5
,,,,,-,-,-,4466.72
,,,,,-,-,-,4427.46
,,,,,-,-,-,4422.48
,,,,,-,-,-,4369.42
,,,,,-,-,-,4402.07
,,,,,-,-,-,4382.55
,,,,,-,-,-,4362.56
,,,,,-,-,-,4346.14
,,,,,-,-,-,4359.97
,,,,,-,-,-,4389.23
,,,,,-,-,-,4406.58
,,,,,-,-,-,4394.91
,,,,,-,-,-,4436.11
,,,,,-,-,-,4384.51
,,,,,-,-,-,4393.81
,,,,,-,-,-,4373.97
,,,,,-,-,-,4388.68
,,,,,-,-,-,4394.76
,,,,,-,-,-,4303.65
,,,,,-,-,-,4295.62
,,,,,-,-,-,4255.42
,,,,,-,-,-,4243.01
,,,,,-,-,-,4289.71
,,,,,-,-,-,4339.36
,,,,,-,-,-,4365.76
,,,,,-,-,-,4342.85
,,,,,-,-,-,4296.42
,,,,,-,-,-,4212.93
,,,,,-,-,-,4269.97
,,,,,-,-,-,4240.09
,,,,,-,-,-,4225.61
,,,,,-,-,-,4217.42
,,,,,-,-,-,4227.63
,,,,,-,-,-,4242.13
,,,,,-,-,-,4273.83
,,,,,-,-,-,4275.98
,,,,,-,-,-,4299.02
,,,,,-,-,-,4252.01
,,,,,-,-,-,4216.42
,,,,,-,-,-,4290.99
,,,,,-,-,-,4255.51
,,,,,-,-,-,4246.73
,,,,,-,-,-,4251.37
,,,,,-,-,-,4241.43
,,,,,-,-,-,4229.19
,,,,,-,-,-,4184.5
,,,,,-,-,-,4138.44
,,,,,-,-,-,4091.53
,,,,,-,-,-,4076.23
,,,,,-,-,-,3995.11
,,,,,-,-,-,3994.65
,,,,,-,-,-,3926.27
,,,,,-,-,-,3943.85
,,,,,-,-,-,3957.89
,,,,,-,-,-,3950.4
,,,,,-,-,-,3942.71
,,,,,-,-,-,3952.96
,,,,,-,-,-,3933.79
,,,,,-,-,-,4024.99
,,,,,-,-,-,4048.84
,,,,,-,-,-,4028.73
,,,,,-,-,-,3971.95
,,,,,-,-,-,3962.85
,,,,,-,-,-,3943.95
,,,,,-,-,-,3938.3
,,,,,-,-,-,3958.74
,,,,,-,-,-,3932.17
,,,,,-,-,-,3901.32
,,,,,-,-,-,3916.7
,,,,,-,-,-,3889.35
,,,,,-,-,-,3879.63
,,,,,-,-,-,3866.93
,,,,,-,-,-,3836.15
,,,,,-,-,-,3844.01
,,,,,-,-,-,3861.86
,,,,,-,-,-,3841.6
,,,,,-,-,-,3799.3
,,,,,-,-,-,3800.3
,,,,,-,-,-,3789.45
,,,,,-,-,-,3768.29
,,,,,-,-,-,3734.57
,,,,,-,-,-,3699.39
,,,,,-,-,-,3664.74
,,,,,-,-,-,3653.32
,,,,,-,-,-,3599.13
,,,,,-,-,-,3606.72
,,,,,-,-,-,3615.66
,,,,,-,-,-,3613.98
,,,,,-,-,-,3615.36
,,,,,-,-,-,3598.41
,,,,,-,-,-,3590.21
,,,,,-,-,-,3582.84
,,,,,-,-,-,3609.14
,,,,,-,-,-,3621.87
,,,,,-,-,-,3632.74
,,,,,-,-,-,3653.3
,,,,,-,-,-,3618.8
,,,,,-,-,-,3579.86
,,,,,-,-,-,3606.94
,,,,,-,-,-,3617.62
,,,,,-,-,-,3629.38
,,,,,-,-,-,3646.47
,,,,,-,-,-,3650.53
,,,,,-,-,-,3630.46
,,,,,-,-,-,3621.95
,,,,,-,-,-,3598.97
,,,,,-,-,-,3563.75
,,,,,-,-,-,3536.58
,,,,,-,-,-,3555.16
,,,,,-,-,-,3581.21
,,,,,-,-,-,3543.55
,,,,,-,-,-,3527.92
,,,,,-,-,-,3553.63
,,,,,-,-,-,3579.16
,,,,,-,-,-,3601.45
,,,,,-,-,-,3603.22
,,,,,-,-,-,3559.9
,,,,,-,-,-,3551.34
,,,,,-,-,-,3530.85
,,,,,-,-,-,3502.35
,,,,,-,-,-,3440.13
,,,,,-,-,-,3497.3
,,,,,-,-,-,3475.99
,,,,,-,-,-,3438.26
,,,,,-,-,-,3410.37
,,,,,-,-,-,3436.21
,,,,,-,-,-,3496.23
,,,,,-,-,-,3469.33
,,,,,-,-,-,3439.98
,,,,,-,-,-,3429.43
,,,,,-,-,-,3399.84
,,,,,-,-,-,3492.9
,,,,,-,-,-,3566.74
,,,,,-,-,-,3582.74
,,,,,-,-,-,3593.19
,,,,,-,-,-,3561.01
,,,,,-,-,-,3531.28
,,,,,-,-,-,3524.15
,,,,,-,-,-,3481.21
,,,,,-,-,-,3516.66
,,,,,-,-,-,3504.41
,,,,,-,-,-,3492.03
,,,,,-,-,-,3502.41
,,,,,-,-,-,3530.07
,,,,,-,-,-,3580.17
,,,,,-,-,-,3580.04
,,,,,-,-,-,3596.7
,,,,,-,-,-,3644.31
,,,,,-,-,-,3682.58
,,,,,-,-,-,3660.29
,,,,,-,-,-,3692.26
,,,,,-,-,-,3706.85
,,,,,-,-,-,3684.99
,,,,,-,-,-,3709.83
,,,,,-,-,-,3715.27
,,,,,-,-,-,3707.44
,,,,,-,-,-,3695.13
,,,,,-,-,-,3663.52
,,,,,-,-,-,3671.55
,,,,,-,-,-,3667.81
,,,,,-,-,-,3672.74
,,,,,-,-,-,3634.99
,,,,,-,-,-,3617.3
,,,,,-,-,-,3657.8
,,,,,-,-,-,3667.34
,,,,,-,-,-,3641.29
,,,,,-,-,-,3522.69
,,,,,-,-,-,3441.42
,,,,,-,-,-,3513.2
,,,,,-,-,-,3527.73
,,,,,-,-,-,3575.51
,,,,,-,-,-,3623.91
,,,,,-,-,-,3671.07
,,,,,-,-,-,3665.28
,,,,,-,-,-,3637.28
,,,,,-,-,-,3611.64
,,,,,-,-,-,3543.93
,,,,,-,-,-,3594.28
,,,,,-,-,-,3591.96
,,,,,-,-,-,3615.36
,,,,,-,-,-,3650.11
,,,,,-,-,-,3667.5
,,,,,-,-,-,3705.32
,,,,,-,-,-,3707.48
,,,,,-,-,-,3629.44
,,,,,-,-,-,3636.1
,,,,,-,-,-,3623.34
,,,,,-,-,-,3625.34
,,,,,-,-,-,3602.09
,,,,,-,-,-,3575.7
,,,,,-,-,-,3506.48
,,,,,-,-,-,3561.36
,,,,,-,-,-,3591.8
,,,,,-,-,-,3630.81
,,,,,-,-,-,3670.71
,,,,,-,-,-,3719.73
,,,,,-,-,-,3715.22
,,,,,-,-,-,3647.85
,,,,,-,-,-,3563.45
,,,,,-,-,-,3525.67
,,,,,-,-,-,3565.84
,,,,,-,-,-,3569.23
,,,,,-,-,-,3526.29
,,,,,-,-,-,3537.9
,,,,,-,-,-,3507.04
,,,,,-,-,-,3467.43
,,,,,-,-,-,3426.69
,,,,,-,-,-,3417.09
,,,,,-,-,-,3383.3
,,,,,-,-,-,3357.44
,,,,,-,-,-,3341.63
,,,,,-,-,-,3366.21
,,,,,-,-,-,3357.84
,,,,,-,-,-,3373.22
,,,,,-,-,-,3360.82
,,,,,-,-,-,3356.5
,,,,,-,-,-,3356.92
,,,,,-,-,-,3342.12
,,,,,-,-,-,3341.54
,,,,,-,-,-,3348.9
,,,,,-,-,-,3338.54
,,,,,-,-,-,3322.85
,,,,,-,-,-,3341.44
,,,,,-,-,-,3339.11
,,,,,-,-,-,3341.15
,,,,,-,-,-,3391.2
,,,,,-,-,-,3406.25
,,,,,-,-,-,3359.89
,,,,,-,-,-,3335.57
,,,,,-,-,-,3248.79
,,,,,-,-,-,3220.13
,,,,,-,-,-,3251.75
,,,,,-,-,-,3283.89
,,,,,-,-,-,3305.06
,,,,,-,-,-,3338.72
,,,,,-,-,-,3340.67
,,,,,-,-,-,3337.6
,,,,,-,-,-,3364.67
,,,,,-,-,-,3360.41
,,,,,-,-,-,3385.05
,,,,,-,-,-,3413.58
,,,,,-,-,-,3400.45
,,,,,-,-,-,3364.81
,,,,,-,-,-,3331.59
,,,,,-,-,-,3313.67
,,,,,-,-,-,3252.26
,,,,,-,-,-,3292.93
,,,,,-,-,-,3318.89
,,,,,-,-,-,3369.78
,,,,,-,-,-,3353.73
,,,,,-,-,-,3400.19
,,,,,-,-,-,3414.73
,,,,,-,-,-,3381.51
,,,,,-,-,-,3393.88
,,,,,-,-,-,3414.15
,,,,,-,-,-,3365.78
,,,,,-,-,-,3356.98
,,,,,-,-,-,3340.43
,,,,,-,-,-,3391.9
,,,,,-,-,-,3399.06
,,,,,-,-,-,3352.87
,,,,,-,-,-,3356.93
,,,,,-,-,-,3365.68
,,,,,-,-,-,3418.26
,,,,,-,-,-,3420.99
,,,,,-,-,-,3430.65
,,,,,-,-,-,3449.49
,,,,,-,-,-,3436.1
,,,,,-,-,-,3405.64
,,,,,-,-,-,3391.24
,,,,,-,-,-,3384.88
,,,,,-,-,-,3373.15
,,,,,-,-,-,3320.92
,,,,,-,-,-,3388.24
,,,,,-,-,-,3399.01
,,,,,-,-,-,3438.91
,,,,,-,-,-,3454.06
,,,,,-,-,-,3463.96
,,,,,-,-,-,3452.38
,,,,,-,-,-,3465.1
,,,,,-,-,-,3460.1
,,,,,-,-,-,3433.3
,,,,,-,-,-,3501.31
,,,,,-,-,-,3522.88
,,,,,-,-,-,3523.57
,,,,,-,-,-,3492.82
,,,,,-,-,-,3491.74
,,,,,-,-,-,3478.01
,,,,,-,-,-,3450.85
,,,,,-,-,-,3449.98
